id	label
13001	0
13002	1
13003	0
13004	0
13005	0
13006	0
13007	0
13008	1
13009	1
13010	0
13011	0
13012	0
13013	0
13014	1
13015	1
13016	0
13017	0
13018	1
13019	0
13020	0
13021	0
13022	1
13023	1
13024	0
13025	0
13026	0
13027	0
13028	1
13029	0
13030	0
13031	0
13032	1
13033	0
13034	0
13035	0
13036	1
13037	1
13038	0
13039	0
13040	0
13041	1
13042	0
13043	0
13044	0
13045	0
13046	1
13047	0
13048	0
13049	0
13050	1
13051	1
13052	0
13053	0
13054	1
13055	0
13056	0
13057	0
13058	1
13059	0
13060	0
13061	0
13062	0
13063	1
13064	0
13065	1
13066	1
13067	0
13068	0
13069	1
13070	0
13071	1
13072	0
13073	0
13074	0
13075	1
13076	1
13077	0
13078	0
13079	1
13080	0
13081	1
13082	0
13083	0
13084	0
13085	0
13086	0
13087	0
13088	0
13089	0
13090	1
13091	1
13092	0
13093	0
13094	1
13095	0
13096	0
13097	0
13098	0
13099	0
13100	0
13101	1
13102	0
13103	0
13104	1
13105	1
13106	1
13107	0
13108	0
13109	0
13110	0
13111	1
13112	0
13113	0
13114	0
13115	0
13116	1
13117	1
13118	0
13119	1
13120	0
13121	0
13122	1
13123	0
13124	0
13125	0
13126	0
13127	1
13128	0
13129	0
13130	0
13131	0
13132	0
13133	0
13134	0
13135	0
13136	0
13137	0
13138	0
13139	0
13140	0
13141	0
13142	1
13143	0
13144	1
13145	0
13146	0
13147	1
13148	0
13149	0
13150	1
13151	1
13152	0
13153	1
13154	0
13155	0
13156	1
13157	1
13158	0
13159	0
13160	1
13161	0
13162	0
13163	1
13164	0
13165	0
13166	1
13167	0
13168	1
13169	1
13170	0
13171	0
13172	1
13173	0
13174	1
13175	0
13176	1
13177	0
13178	0
13179	1
13180	0
13181	1
13182	0
13183	1
13184	0
13185	0
13186	1
13187	0
13188	0
13189	1
13190	0
13191	1
13192	1
13193	0
13194	0
13195	0
13196	1
13197	0
13198	0
13199	0
13200	0
13201	0
13202	1
13203	1
13204	0
13205	0
13206	0
13207	0
13208	0
13209	1
13210	1
13211	1
13212	0
13213	0
13214	0
13215	0
13216	1
13217	0
13218	0
13219	1
13220	0
13221	1
13222	1
13223	1
13224	0
13225	1
13226	0
13227	0
13228	0
13229	0
13230	0
13231	1
13232	0
13233	0
13234	0
13235	1
13236	1
13237	1
13238	1
13239	1
13240	0
13241	0
13242	1
13243	0
13244	0
13245	0
13246	0
13247	1
13248	1
13249	0
13250	0
13251	0
13252	0
13253	0
13254	0
13255	1
13256	0
13257	0
13258	0
13259	1
13260	1
13261	0
13262	1
13263	0
13264	1
13265	0
13266	0
13267	0
13268	0
13269	0
13270	1
13271	1
13272	1
13273	0
13274	0
13275	1
13276	0
13277	0
13278	0
13279	0
13280	0
13281	0
13282	0
13283	0
13284	0
13285	1
13286	0
13287	0
13288	0
13289	0
13290	0
13291	0
13292	0
13293	1
13294	1
13295	0
13296	1
13297	0
13298	0
13299	0
13300	0
13301	0
13302	0
13303	0
13304	1
13305	0
13306	0
13307	0
13308	0
13309	1
13310	0
13311	0
13312	0
13313	0
13314	0
13315	0
13316	0
13317	1
13318	1
13319	0
13320	1
13321	0
13322	0
13323	0
13324	1
13325	0
13326	0
13327	1
13328	0
13329	0
13330	0
13331	1
13332	0
13333	0
13334	0
13335	0
13336	0
13337	0
13338	0
13339	0
13340	1
13341	1
13342	0
13343	1
13344	1
13345	0
13346	1
13347	0
13348	0
13349	0
13350	0
13351	0
13352	1
13353	0
13354	1
13355	0
13356	0
13357	0
13358	0
13359	0
13360	1
13361	0
13362	1
13363	0
13364	0
13365	0
13366	0
13367	0
13368	0
13369	0
13370	0
13371	0
13372	0
13373	0
13374	0
13375	0
13376	0
13377	1
13378	0
13379	0
13380	1
13381	0
13382	0
13383	0
13384	1
13385	1
13386	0
13387	1
13388	0
13389	0
13390	0
13391	1
13392	1
13393	0
13394	0
13395	1
13396	1
13397	0
13398	0
13399	0
13400	0
13401	1
13402	0
13403	1
13404	0
13405	0
13406	1
13407	0
13408	1
13409	0
13410	1
13411	0
13412	0
13413	0
13414	0
13415	0
13416	1
13417	0
13418	0
13419	0
13420	0
13421	0
13422	1
13423	0
13424	0
13425	0
13426	0
13427	0
13428	0
13429	1
13430	0
13431	0
13432	0
13433	0
13434	0
13435	1
13436	0
13437	0
13438	0
13439	0
13440	0
13441	0
13442	1
13443	0
13444	0
13445	0
13446	1
13447	0
13448	0
13449	1
13450	1
13451	1
13452	1
13453	1
13454	0
13455	0
13456	0
13457	0
13458	0
13459	0
13460	0
13461	0
13462	0
13463	0
13464	0
13465	1
13466	1
13467	1
13468	0
13469	1
13470	0
13471	1
13472	0
13473	1
13474	1
13475	0
13476	0
13477	0
13478	0
13479	1
13480	0
13481	0
13482	1
13483	0
13484	0
13485	0
13486	0
13487	1
13488	0
13489	0
13490	0
13491	1
13492	0
13493	0
13494	0
13495	1
13496	1
13497	0
13498	0
13499	1
13500	0
13501	1
13502	0
13503	0
13504	1
13505	0
13506	0
13507	1
13508	1
13509	0
13510	0
13511	0
13512	0
13513	1
13514	0
13515	0
13516	0
13517	0
13518	0
13519	1
13520	1
13521	1
13522	0
13523	1
13524	0
13525	0
13526	0
13527	0
13528	0
13529	1
13530	0
13531	1
13532	0
13533	0
13534	1
13535	0
13536	0
13537	0
13538	1
13539	0
13540	0
13541	1
13542	0
13543	0
13544	0
13545	0
13546	1
13547	1
13548	0
13549	0
13550	1
13551	0
13552	1
13553	1
13554	0
13555	0
13556	1
13557	0
13558	0
13559	0
13560	0
13561	0
13562	0
13563	1
13564	1
13565	1
13566	0
13567	0
13568	0
13569	1
13570	0
13571	0
13572	1
13573	0
13574	0
13575	1
13576	1
13577	0
13578	1
13579	0
13580	1
13581	1
13582	0
13583	0
13584	0
13585	1
13586	0
13587	0
13588	1
13589	1
13590	0
13591	0
13592	0
13593	0
13594	1
13595	1
13596	1
13597	1
13598	0
13599	0
13600	1
13601	0
13602	0
13603	0
13604	0
13605	0
13606	0
13607	0
13608	0
13609	0
13610	0
13611	0
13612	0
13613	0
13614	1
13615	1
13616	0
13617	0
13618	0
13619	0
13620	0
13621	1
13622	0
13623	0
13624	0
13625	0
13626	1
13627	0
13628	0
13629	0
13630	0
13631	0
13632	0
13633	0
13634	1
13635	0
13636	0
13637	1
13638	0
13639	0
13640	0
13641	0
13642	0
13643	1
13644	0
13645	0
13646	0
13647	0
13648	1
13649	1
13650	0
13651	0
13652	0
13653	0
13654	0
13655	0
13656	1
13657	1
13658	1
13659	0
13660	0
13661	1
13662	0
13663	0
13664	0
13665	1
13666	0
13667	0
13668	1
13669	0
13670	0
13671	0
13672	0
13673	0
13674	1
13675	0
13676	1
13677	0
13678	1
13679	0
13680	0
13681	0
13682	0
13683	0
13684	1
13685	1
13686	1
13687	1
13688	0
13689	0
13690	0
13691	0
13692	1
13693	1
13694	0
13695	0
13696	0
13697	0
13698	0
13699	1
13700	1
13701	1
13702	1
13703	1
13704	1
13705	1
13706	0
13707	1
13708	0
13709	1
13710	0
13711	0
13712	0
13713	0
13714	0
13715	0
13716	0
13717	1
13718	1
13719	0
13720	0
13721	1
13722	1
13723	0
13724	0
13725	1
13726	0
13727	0
13728	1
13729	1
13730	0
13731	1
13732	0
13733	0
13734	0
13735	1
13736	1
13737	0
13738	1
13739	0
13740	0
13741	0
13742	0
13743	1
13744	0
13745	1
13746	0
13747	0
13748	0
13749	0
13750	0
13751	0
13752	0
13753	1
13754	0
13755	1
13756	0
13757	1
13758	0
13759	0
13760	0
13761	0
13762	0
13763	1
13764	0
13765	0
13766	0
13767	1
13768	1
13769	0
13770	1
13771	0
13772	0
13773	1
13774	1
13775	0
13776	1
13777	1
13778	0
13779	0
13780	0
13781	1
13782	0
13783	0
13784	1
13785	1
13786	1
13787	1
13788	1
13789	0
13790	0
13791	0
13792	1
13793	0
13794	1
13795	0
13796	0
13797	0
13798	1
13799	0
13800	1
13801	0
13802	0
13803	1
13804	0
13805	0
13806	0
13807	0
13808	1
13809	0
13810	0
13811	1
13812	1
13813	1
13814	1
13815	0
13816	0
13817	0
13818	0
13819	1
13820	0
13821	1
13822	0
13823	0
13824	0
13825	0
13826	0
13827	1
13828	1
13829	0
13830	0
13831	0
13832	0
13833	0
13834	0
13835	1
13836	0
13837	1
13838	1
13839	0
13840	0
13841	1
13842	0
13843	0
13844	1
13845	0
13846	1
13847	0
13848	1
13849	0
13850	0
13851	0
13852	1
13853	1
13854	0
13855	0
13856	1
13857	1
13858	0
13859	0
13860	0
13861	0
13862	1
13863	0
13864	0
13865	0
13866	1
13867	1
13868	0
13869	0
13870	1
13871	0
13872	1
13873	0
13874	1
13875	0
13876	0
13877	0
13878	0
13879	0
13880	0
13881	1
13882	0
13883	0
13884	1
13885	0
13886	0
13887	0
13888	0
13889	0
13890	1
13891	0
13892	0
13893	0
13894	0
13895	0
13896	0
13897	0
13898	0
13899	0
13900	0
13901	0
13902	1
13903	1
13904	0
13905	0
13906	1
13907	0
13908	1
13909	1
13910	1
13911	0
13912	0
13913	0
13914	0
13915	1
13916	0
13917	0
13918	1
13919	0
13920	0
13921	0
13922	0
13923	0
13924	1
13925	0
13926	0
13927	0
13928	0
13929	0
13930	0
13931	0
13932	0
13933	0
13934	1
13935	1
13936	1
13937	0
13938	1
13939	1
13940	0
13941	1
13942	0
13943	0
13944	0
13945	0
13946	1
13947	0
13948	0
13949	0
13950	0
13951	0
13952	0
13953	0
13954	0
13955	0
13956	0
13957	0
13958	1
13959	0
13960	0
13961	0
13962	1
13963	0
13964	0
13965	0
13966	1
13967	1
13968	0
13969	0
13970	0
13971	0
13972	0
13973	0
13974	0
13975	0
13976	1
13977	0
13978	1
13979	1
13980	0
13981	0
13982	0
13983	0
13984	1
13985	0
13986	1
13987	1
13988	0
13989	0
13990	1
13991	0
13992	1
13993	0
13994	0
13995	0
13996	0
13997	0
13998	0
13999	0
14000	1
14001	0
14002	1
14003	0
14004	0
14005	0
14006	1
14007	1
14008	1
14009	0
14010	0
14011	0
14012	0
14013	0
14014	0
14015	1
14016	0
14017	0
14018	0
14019	0
14020	0
14021	0
14022	0
14023	1
14024	0
14025	0
14026	0
14027	0
14028	1
14029	0
14030	0
14031	0
14032	1
14033	1
14034	0
14035	0
14036	0
14037	1
14038	0
14039	1
14040	0
14041	1
14042	1
14043	1
14044	0
14045	0
14046	0
14047	1
14048	0
14049	0
14050	0
14051	0
14052	1
14053	1
14054	1
14055	1
14056	1
14057	0
14058	1
14059	0
14060	0
14061	1
14062	1
14063	1
14064	1
14065	0
14066	0
14067	0
14068	0
14069	1
14070	1
14071	1
14072	1
14073	1
14074	1
14075	1
14076	1
14077	0
14078	0
14079	0
14080	1
14081	0
14082	0
14083	0
14084	0
14085	1
14086	0
14087	0
14088	0
14089	0
14090	1
14091	1
14092	0
14093	1
14094	0
14095	0
14096	0
14097	0
14098	0
14099	0
14100	0
14101	0
14102	0
14103	0
14104	0
14105	0
14106	0
14107	0
14108	1
14109	0
14110	0
14111	0
14112	0
14113	0
14114	0
14115	0
14116	0
14117	1
14118	1
14119	0
14120	1
14121	0
14122	0
14123	0
14124	0
14125	0
14126	1
14127	0
14128	0
14129	0
14130	0
14131	0
14132	0
14133	0
14134	0
14135	0
14136	0
14137	1
14138	0
14139	1
14140	0
14141	0
14142	0
14143	1
14144	0
14145	1
14146	1
14147	0
14148	0
14149	0
14150	0
14151	0
14152	1
14153	1
14154	1
14155	0
14156	1
14157	0
14158	0
14159	1
14160	0
14161	0
14162	0
14163	0
14164	0
14165	1
14166	1
14167	0
14168	0
14169	0
14170	1
14171	0
14172	1
14173	1
14174	1
14175	1
14176	0
14177	1
14178	0
14179	0
14180	0
14181	1
14182	0
14183	0
14184	0
14185	0
14186	0
14187	1
14188	0
14189	1
14190	1
14191	0
14192	0
14193	1
14194	1
14195	0
14196	0
14197	0
14198	1
14199	0
14200	0
14201	0
14202	1
14203	0
14204	1
14205	1
14206	0
14207	0
14208	0
14209	0
14210	0
14211	0
14212	0
14213	0
14214	0
14215	1
14216	1
14217	1
14218	0
14219	0
14220	0
14221	0
14222	0
14223	0
14224	0
14225	0
14226	1
14227	0
14228	0
14229	0
14230	1
14231	0
14232	1
14233	0
14234	0
14235	1
14236	1
14237	1
14238	1
14239	0
14240	0
14241	1
14242	0
14243	0
14244	1
14245	0
14246	0
14247	0
14248	0
14249	1
14250	0
14251	0
14252	1
14253	0
14254	0
14255	1
14256	1
14257	0
14258	0
14259	0
14260	0
14261	1
14262	1
14263	0
14264	1
14265	0
14266	0
14267	0
14268	1
14269	0
14270	0
14271	1
14272	0
14273	1
14274	0
14275	1
14276	0
14277	1
14278	0
14279	1
14280	0
14281	0
14282	0
14283	1
14284	0
14285	0
14286	0
14287	1
14288	0
14289	1
14290	0
14291	1
14292	0
14293	0
14294	0
14295	0
14296	0
14297	0
14298	0
14299	1
14300	1
14301	0
14302	0
14303	0
14304	0
14305	0
14306	1
14307	0
14308	0
14309	0
14310	1
14311	1
14312	0
14313	1
14314	0
14315	0
14316	0
14317	1
14318	0
14319	0
14320	0
14321	0
14322	0
14323	1
14324	1
14325	0
14326	1
14327	1
14328	0
14329	1
14330	0
14331	0
14332	1
14333	0
14334	0
14335	0
14336	0
14337	1
14338	1
14339	1
14340	0
14341	1
14342	0
14343	0
14344	0
14345	1
14346	0
14347	0
14348	0
14349	0
14350	0
14351	0
14352	0
14353	0
14354	0
14355	0
14356	0
14357	1
14358	0
14359	0
14360	0
14361	0
14362	0
14363	0
14364	0
14365	0
14366	0
14367	1
14368	1
14369	0
14370	0
14371	0
14372	0
14373	0
14374	0
14375	1
14376	0
14377	1
14378	0
14379	0
14380	1
14381	0
14382	0
14383	0
14384	1
14385	1
14386	1
14387	0
14388	0
14389	0
14390	1
14391	1
14392	1
14393	0
14394	1
14395	0
14396	0
14397	0
14398	0
14399	0
14400	0
14401	1
14402	0
14403	0
14404	0
14405	0
14406	1
14407	1
14408	1
14409	0
14410	0
14411	0
14412	0
14413	1
14414	0
14415	0
14416	0
14417	1
14418	0
14419	0
14420	1
14421	1
14422	1
14423	0
14424	0
14425	0
14426	0
14427	0
14428	0
14429	0
14430	0
14431	0
14432	0
14433	0
14434	0
14435	0
14436	1
14437	1
14438	1
14439	1
14440	0
14441	0
14442	1
14443	0
14444	0
14445	0
14446	1
14447	0
14448	0
14449	0
14450	1
14451	1
14452	0
14453	1
14454	0
14455	1
14456	0
14457	0
14458	0
14459	0
14460	0
14461	0
14462	0
14463	1
14464	1
14465	0
14466	1
14467	0
14468	0
14469	0
14470	0
14471	1
14472	1
14473	0
14474	1
14475	0
14476	1
14477	0
14478	0
14479	1
14480	1
14481	0
14482	0
14483	0
14484	0
14485	1
14486	0
14487	0
14488	0
14489	0
14490	0
14491	0
14492	1
14493	0
14494	0
14495	0
14496	1
14497	0
14498	0
14499	1
14500	1
14501	0
14502	0
14503	0
14504	0
14505	0
14506	0
14507	0
14508	0
14509	0
14510	1
14511	0
14512	0
14513	0
14514	0
14515	1
14516	0
14517	1
14518	0
14519	1
14520	1
14521	0
14522	1
14523	0
14524	1
14525	0
14526	0
14527	0
14528	0
14529	1
14530	1
14531	0
14532	0
14533	0
14534	1
14535	1
14536	0
14537	0
14538	1
14539	0
14540	0
14541	1
14542	0
14543	1
14544	1
14545	0
14546	0
14547	0
14548	0
14549	0
14550	0
14551	0
14552	0
14553	0
14554	0
14555	0
14556	0
14557	0
14558	0
14559	0
14560	1
14561	0
14562	1
14563	0
14564	0
14565	1
14566	0
14567	1
14568	1
14569	0
14570	1
14571	0
14572	0
14573	0
14574	0
14575	0
14576	1
14577	0
14578	0
14579	1
14580	0
14581	1
14582	0
14583	0
14584	0
14585	0
14586	1
14587	1
14588	1
14589	0
14590	0
14591	0
14592	0
14593	0
14594	1
14595	1
14596	0
14597	1
14598	0
14599	0
14600	1
14601	0
14602	0
14603	0
14604	1
14605	0
14606	0
14607	0
14608	0
14609	0
14610	0
14611	0
14612	0
14613	0
14614	0
14615	0
14616	1
14617	0
14618	1
14619	1
14620	1
14621	1
14622	0
14623	0
14624	0
14625	0
14626	1
14627	1
14628	0
14629	1
14630	1
14631	1
14632	0
14633	0
14634	1
14635	0
14636	0
14637	0
14638	1
14639	0
14640	0
14641	1
14642	1
14643	0
14644	0
14645	1
14646	0
14647	0
14648	0
14649	1
14650	0
14651	0
14652	0
14653	0
14654	1
14655	1
14656	1
14657	0
14658	1
14659	0
14660	0
14661	0
14662	0
14663	1
14664	0
14665	0
14666	0
14667	0
14668	1
14669	1
14670	0
14671	0
14672	0
14673	0
14674	0
14675	1
14676	0
14677	0
14678	1
14679	0
14680	0
14681	0
14682	0
14683	0
14684	0
14685	0
14686	0
14687	0
14688	0
14689	0
14690	1
14691	0
14692	0
14693	0
14694	0
14695	0
14696	0
14697	0
14698	0
14699	1
14700	1
14701	0
14702	0
14703	1
14704	0
14705	0
14706	1
14707	0
14708	0
14709	0
14710	0
14711	1
14712	1
14713	0
14714	0
14715	1
14716	0
14717	0
14718	0
14719	0
14720	1
14721	0
14722	0
14723	0
14724	1
14725	0
14726	0
14727	1
14728	0
14729	1
14730	0
14731	0
14732	0
14733	0
14734	0
14735	0
14736	1
14737	1
14738	1
14739	0
14740	1
14741	0
14742	1
14743	1
14744	0
14745	1
14746	0
14747	0
14748	0
14749	0
14750	0
14751	0
14752	1
14753	0
14754	0
14755	1
14756	0
14757	1
14758	0
14759	0
14760	0
14761	1
14762	0
14763	0
14764	1
14765	0
14766	1
14767	0
14768	0
14769	0
14770	0
14771	1
14772	1
14773	1
14774	1
14775	0
14776	0
14777	0
14778	0
14779	1
14780	1
14781	0
14782	1
14783	0
14784	0
14785	1
14786	0
14787	0
14788	0
14789	0
14790	0
14791	0
14792	1
14793	0
14794	0
14795	0
14796	0
14797	1
14798	0
14799	0
14800	0
14801	1
14802	0
14803	0
14804	1
14805	0
14806	0
14807	0
14808	1
14809	0
14810	1
14811	0
14812	1
14813	0
14814	0
14815	1
14816	0
14817	0
14818	0
14819	1
14820	0
14821	0
14822	1
14823	1
14824	0
14825	1
14826	1
14827	0
14828	0
14829	1
14830	1
14831	0
14832	0
14833	0
14834	0
14835	1
14836	0
14837	1
14838	0
14839	0
14840	1
14841	0
14842	1
14843	1
14844	1
14845	0
14846	1
14847	0
14848	0
14849	1
14850	0
14851	0
14852	1
14853	1
14854	0
14855	0
14856	0
14857	1
14858	0
14859	0
14860	0
14861	0
14862	1
14863	0
14864	0
14865	0
14866	0
14867	0
14868	1
14869	1
14870	1
14871	0
14872	0
14873	0
14874	0
14875	0
14876	1
14877	0
14878	0
14879	0
14880	0
14881	1
14882	0
14883	0
14884	0
14885	0
14886	0
14887	0
14888	0
14889	1
14890	1
14891	0
14892	0
14893	1
14894	1
14895	1
14896	0
14897	1
14898	0
14899	0
14900	1
14901	0
14902	1
14903	1
14904	1
14905	1
14906	1
14907	1
14908	0
14909	0
14910	0
14911	1
14912	1
14913	0
14914	1
14915	0
14916	0
14917	0
14918	0
14919	1
14920	1
14921	1
14922	1
14923	0
14924	1
14925	0
14926	0
14927	0
14928	0
14929	0
14930	1
14931	1
14932	0
14933	0
14934	0
14935	0
14936	1
14937	0
14938	1
14939	1
14940	1
14941	0
14942	0
14943	0
14944	1
14945	0
14946	0
14947	0
14948	0
14949	0
14950	1
14951	0
14952	0
14953	0
14954	0
14955	0
14956	0
14957	0
14958	0
14959	0
14960	0
14961	1
14962	0
14963	1
14964	0
14965	0
14966	0
14967	0
14968	1
14969	0
14970	1
14971	1
14972	1
14973	0
14974	0
14975	0
14976	0
14977	0
14978	0
14979	1
14980	1
14981	1
14982	0
14983	0
14984	0
14985	1
14986	0
14987	1
14988	0
14989	1
14990	0
14991	0
14992	1
14993	1
14994	0
14995	0
14996	0
14997	1
14998	0
14999	0
15000	0
15001	1
15002	1
15003	0
15004	0
15005	1
15006	0
15007	1
15008	0
15009	0
15010	1
15011	1
15012	1
15013	1
15014	0
15015	0
15016	0
15017	1
15018	1
15019	1
15020	1
15021	1
15022	0
15023	0
15024	0
15025	0
15026	1
15027	1
15028	0
15029	0
15030	1
15031	0
15032	0
15033	0
15034	0
15035	0
15036	0
15037	0
15038	0
15039	0
15040	0
15041	0
15042	0
15043	0
15044	0
15045	0
15046	0
15047	0
15048	0
15049	1
15050	1
15051	1
15052	0
15053	0
15054	0
15055	0
15056	1
15057	1
15058	1
15059	1
15060	1
15061	0
15062	0
15063	0
15064	0
15065	0
15066	1
15067	0
15068	0
15069	0
15070	0
15071	1
15072	1
15073	0
15074	1
15075	0
15076	0
15077	0
15078	0
15079	1
15080	0
15081	0
15082	0
15083	0
15084	0
15085	1
15086	1
15087	0
15088	0
15089	1
15090	1
15091	0
15092	1
15093	1
15094	1
15095	1
15096	0
15097	0
15098	0
15099	0
15100	1
15101	0
15102	0
15103	0
15104	0
15105	0
15106	0
15107	1
15108	0
15109	0
15110	0
15111	0
15112	0
15113	0
15114	0
15115	1
15116	0
15117	0
15118	0
15119	0
15120	0
15121	0
15122	0
15123	1
15124	0
15125	1
15126	0
15127	0
15128	0
15129	1
15130	0
15131	0
15132	1
15133	0
15134	0
15135	0
15136	0
15137	0
15138	0
15139	0
15140	0
15141	0
15142	0
15143	0
15144	0
15145	1
15146	0
15147	1
15148	0
15149	0
15150	0
15151	0
15152	0
15153	1
15154	0
15155	0
15156	0
15157	0
15158	0
15159	0
15160	0
15161	0
15162	0
15163	1
15164	1
15165	0
15166	0
15167	1
15168	0
15169	0
15170	1
15171	0
15172	0
15173	1
15174	1
15175	0
15176	0
15177	0
15178	1
15179	1
15180	0
15181	0
15182	0
15183	0
15184	0
15185	0
15186	0
15187	0
15188	0
15189	1
15190	0
15191	1
15192	0
15193	0
15194	0
15195	1
15196	0
15197	0
15198	0
15199	0
15200	0
15201	1
15202	0
15203	0
15204	0
15205	0
15206	0
15207	0
15208	1
15209	0
15210	0
15211	1
15212	0
15213	1
15214	0
15215	0
15216	1
15217	0
15218	0
15219	0
15220	1
15221	1
15222	0
15223	0
15224	1
15225	0
15226	0
15227	1
15228	1
15229	0
15230	0
15231	0
15232	0
15233	1
15234	1
15235	0
15236	1
15237	0
15238	0
15239	0
15240	1
15241	1
15242	1
15243	1
15244	0
15245	0
15246	0
15247	0
15248	0
15249	1
15250	0
15251	0
15252	1
15253	0
15254	0
15255	1
15256	0
15257	0
15258	0
15259	1
15260	1
15261	0
15262	0
15263	1
15264	1
15265	0
15266	0
15267	1
15268	0
15269	0
15270	0
15271	0
15272	1
15273	1
15274	0
15275	0
15276	0
15277	0
15278	0
15279	1
15280	1
15281	0
15282	0
15283	0
15284	1
15285	0
15286	1
15287	0
15288	0
15289	0
15290	0
15291	1
15292	0
15293	0
15294	0
15295	1
15296	0
15297	0
15298	1
15299	0
15300	0
15301	0
15302	0
15303	1
15304	0
15305	0
15306	0
15307	0
15308	0
15309	0
15310	0
15311	1
15312	0
15313	0
15314	0
15315	1
15316	0
15317	0
15318	0
15319	1
15320	1
15321	0
15322	0
15323	1
15324	0
15325	0
15326	1
15327	0
15328	0
15329	0
15330	0
15331	0
15332	0
15333	0
15334	0
15335	0
15336	0
15337	1
15338	0
15339	0
15340	0
15341	1
15342	1
15343	0
15344	0
15345	0
15346	0
15347	0
15348	0
15349	0
15350	0
15351	0
15352	1
15353	0
15354	0
15355	1
15356	0
15357	0
15358	0
15359	0
15360	0
15361	0
15362	1
15363	0
15364	0
15365	0
15366	1
15367	0
15368	0
15369	0
15370	0
15371	1
15372	0
15373	0
15374	0
15375	1
15376	0
15377	1
15378	1
15379	0
15380	0
15381	0
15382	0
15383	0
15384	0
15385	1
15386	0
15387	1
15388	0
15389	0
15390	0
15391	0
15392	0
15393	0
15394	0
15395	0
15396	0
15397	0
15398	0
15399	0
15400	1
15401	1
15402	1
15403	0
15404	0
15405	0
15406	0
15407	0
15408	0
15409	1
15410	0
15411	0
15412	0
15413	0
15414	0
15415	1
15416	0
15417	0
15418	1
15419	0
15420	0
15421	0
15422	0
15423	0
15424	0
15425	0
15426	0
15427	1
15428	0
15429	1
15430	0
15431	0
15432	0
15433	0
15434	0
15435	0
15436	1
15437	0
15438	1
15439	0
15440	0
15441	0
15442	0
15443	0
15444	0
15445	0
15446	0
15447	0
15448	1
15449	0
15450	0
15451	0
15452	0
15453	0
15454	0
15455	1
15456	1
15457	0
15458	1
15459	0
15460	0
15461	0
15462	1
15463	0
15464	0
15465	0
15466	0
15467	0
15468	0
15469	0
15470	0
15471	0
15472	0
15473	0
15474	0
15475	0
15476	0
15477	1
15478	0
15479	0
15480	0
15481	0
15482	1
15483	1
15484	0
15485	0
15486	1
15487	0
15488	0
15489	0
15490	0
15491	1
15492	1
15493	0
15494	0
15495	1
15496	0
15497	0
15498	0
15499	0
15500	1
15501	0
15502	0
15503	0
15504	0
15505	0
15506	0
15507	0
15508	0
15509	0
15510	0
15511	1
15512	0
15513	1
15514	1
15515	0
15516	1
15517	0
15518	0
15519	0
15520	0
15521	0
15522	0
15523	0
15524	1
15525	0
15526	0
15527	0
15528	0
15529	0
15530	0
15531	1
15532	0
15533	1
15534	0
15535	0
15536	0
15537	1
15538	1
15539	0
15540	1
15541	1
15542	1
15543	0
15544	1
15545	0
15546	1
15547	0
15548	0
15549	1
15550	0
15551	0
15552	0
15553	1
15554	0
15555	0
15556	0
15557	0
15558	0
15559	0
15560	0
15561	0
15562	1
15563	0
15564	1
15565	0
15566	0
15567	0
15568	0
15569	0
15570	0
15571	0
15572	0
15573	0
15574	1
15575	0
15576	0
15577	0
15578	0
15579	0
15580	0
15581	0
15582	0
15583	0
15584	1
15585	0
15586	0
15587	0
15588	1
15589	0
15590	0
15591	0
15592	1
15593	0
15594	0
15595	1
15596	0
15597	1
15598	0
15599	1
15600	0
15601	0
15602	0
15603	0
15604	0
15605	0
15606	1
15607	0
15608	0
15609	0
15610	0
15611	1
15612	0
15613	0
15614	1
15615	1
15616	0
15617	0
15618	1
15619	0
15620	0
15621	0
15622	0
15623	1
15624	0
15625	0
15626	1
15627	0
15628	1
15629	0
15630	0
15631	0
15632	0
15633	0
15634	0
15635	0
15636	0
15637	1
15638	0
15639	1
15640	0
15641	0
15642	1
15643	1
15644	0
15645	0
15646	1
15647	0
15648	0
15649	0
15650	0
15651	0
15652	0
15653	0
15654	1
15655	0
15656	1
15657	1
15658	0
15659	1
15660	0
15661	0
15662	0
15663	1
15664	1
15665	0
15666	0
15667	0
15668	0
15669	0
15670	0
15671	0
15672	0
15673	0
15674	1
15675	0
15676	0
15677	1
15678	1
15679	0
15680	0
15681	0
15682	0
15683	0
15684	0
15685	0
15686	0
15687	1
15688	0
15689	0
15690	1
15691	0
15692	0
15693	0
15694	0
15695	0
15696	1
15697	0
15698	1
15699	0
15700	0
15701	1
15702	1
15703	0
15704	0
15705	0
15706	0
15707	0
15708	0
15709	0
15710	0
15711	0
15712	0
15713	1
15714	0
15715	1
15716	0
15717	0
15718	0
15719	0
15720	0
15721	1
15722	1
15723	0
15724	0
15725	1
15726	0
15727	0
15728	0
15729	0
15730	1
15731	0
15732	1
15733	0
15734	0
15735	0
15736	0
15737	0
15738	0
15739	1
15740	1
15741	0
15742	0
15743	1
15744	0
15745	1
15746	0
15747	0
15748	0
15749	1
15750	1
15751	0
15752	0
15753	0
15754	0
15755	0
15756	0
15757	0
15758	0
15759	0
15760	0
15761	1
15762	0
15763	0
15764	0
15765	0
15766	0
15767	1
15768	1
15769	0
15770	0
15771	0
15772	1
15773	0
15774	0
15775	0
15776	0
15777	1
15778	0
15779	0
15780	0
15781	0
15782	0
15783	0
15784	0
15785	0
15786	0
15787	1
15788	0
15789	0
15790	0
15791	0
15792	0
15793	0
15794	0
15795	0
15796	0
15797	0
15798	1
15799	0
15800	1
15801	0
15802	0
15803	0
15804	0
15805	1
15806	1
15807	0
15808	0
15809	0
15810	0
15811	0
15812	0
15813	0
15814	0
15815	0
15816	0
15817	0
15818	0
15819	1
15820	0
15821	1
15822	0
15823	0
15824	0
15825	0
15826	0
15827	0
15828	0
15829	0
15830	0
15831	1
15832	0
15833	0
15834	0
15835	0
15836	0
15837	1
15838	0
15839	0
15840	0
15841	0
15842	0
15843	0
15844	0
15845	0
15846	1
15847	0
15848	1
15849	1
15850	0
15851	0
15852	0
15853	1
15854	0
15855	1
15856	0
15857	0
15858	1
15859	0
15860	0
15861	1
15862	0
15863	0
15864	0
15865	1
15866	0
15867	0
15868	1
15869	0
15870	0
15871	0
15872	1
15873	0
15874	1
15875	0
15876	0
15877	0
15878	0
15879	0
15880	0
15881	0
15882	0
15883	1
15884	1
15885	0
15886	0
15887	0
15888	0
15889	0
15890	0
15891	0
15892	1
15893	0
15894	1
15895	0
15896	0
15897	1
15898	1
15899	0
15900	0
15901	1
15902	0
15903	1
15904	0
15905	1
15906	0
15907	0
15908	0
15909	0
15910	0
15911	0
15912	0
15913	0
15914	0
15915	0
15916	0
15917	1
15918	0
15919	0
15920	0
15921	0
15922	0
15923	0
15924	0
15925	0
15926	0
15927	0
15928	0
15929	0
15930	1
15931	1
15932	0
15933	1
15934	1
15935	1
15936	0
15937	0
15938	0
15939	0
15940	0
15941	0
15942	1
15943	0
15944	0
15945	0
15946	1
15947	0
15948	1
15949	0
15950	1
15951	0
15952	1
15953	1
15954	1
15955	0
15956	0
15957	0
15958	0
15959	0
15960	1
15961	1
15962	0
15963	0
15964	0
15965	1
15966	0
15967	1
15968	0
15969	0
15970	0
15971	0
15972	0
15973	0
15974	1
15975	1
15976	1
15977	0
15978	0
15979	1
15980	0
15981	0
15982	0
15983	0
15984	0
15985	0
15986	0
15987	0
15988	0
15989	0
15990	0
15991	0
15992	1
15993	0
15994	1
15995	0
15996	0
15997	0
15998	0
15999	0
16000	1
16001	1
16002	0
16003	0
16004	0
16005	0
16006	1
16007	0
16008	1
16009	0
16010	0
16011	0
16012	0
16013	0
16014	0
16015	0
16016	0
16017	0
16018	1
16019	0
16020	0
16021	0
16022	0
16023	0
16024	0
16025	0
16026	0
16027	0
16028	1
16029	0
16030	0
16031	0
16032	0
16033	0
16034	1
16035	0
16036	0
16037	0
16038	0
16039	0
16040	1
16041	0
16042	0
16043	1
16044	0
16045	0
16046	0
16047	0
16048	0
16049	1
16050	0
16051	1
16052	0
16053	0
16054	0
16055	0
16056	1
16057	1
16058	0
16059	0
16060	0
16061	0
16062	1
16063	0
16064	0
16065	0
16066	0
16067	0
16068	0
16069	1
16070	0
16071	0
16072	0
16073	0
16074	0
16075	0
16076	0
16077	1
16078	0
16079	1
16080	1
16081	0
16082	0
16083	1
16084	1
16085	0
16086	0
16087	0
16088	0
16089	1
16090	0
16091	1
16092	1
16093	0
16094	1
16095	0
16096	0
16097	0
16098	1
16099	0
16100	0
16101	0
16102	0
16103	0
16104	1
16105	0
16106	0
16107	0
16108	0
16109	0
16110	1
16111	1
16112	1
16113	0
16114	0
16115	0
16116	0
16117	0
16118	1
16119	1
16120	0
16121	1
16122	0
16123	0
16124	0
16125	1
16126	0
16127	0
16128	0
16129	0
16130	1
16131	1
16132	0
16133	0
16134	1
16135	0
16136	1
16137	0
16138	0
16139	0
16140	1
16141	0
16142	1
16143	1
16144	1
16145	0
16146	0
16147	0
16148	0
16149	1
16150	0
16151	0
16152	0
16153	1
16154	0
16155	0
16156	0
16157	1
16158	0
16159	0
16160	0
16161	1
16162	1
16163	0
16164	0
16165	0
16166	0
16167	1
16168	0
16169	0
16170	1
16171	1
16172	0
16173	1
16174	0
16175	1
16176	0
16177	0
16178	0
16179	0
16180	1
16181	0
16182	0
16183	0
16184	0
16185	0
16186	1
16187	0
16188	0
16189	0
16190	0
16191	0
16192	0
16193	0
16194	1
16195	0
16196	1
16197	0
16198	1
16199	0
16200	0
16201	0
16202	0
16203	1
16204	0
16205	0
16206	0
16207	0
16208	1
16209	0
16210	0
16211	0
16212	0
16213	0
16214	0
16215	0
16216	1
16217	1
16218	1
16219	0
16220	1
16221	1
16222	0
16223	1
16224	0
16225	1
16226	0
16227	1
16228	0
16229	0
16230	1
16231	0
16232	0
16233	0
16234	1
16235	0
16236	0
16237	0
16238	0
16239	0
16240	1
16241	0
16242	1
16243	1
16244	0
16245	0
16246	0
16247	0
16248	1
16249	0
16250	1
16251	1
16252	0
16253	1
16254	0
16255	1
16256	0
16257	0
16258	0
16259	0
16260	0
16261	1
16262	1
16263	0
16264	0
16265	0
16266	1
16267	0
16268	0
16269	0
16270	0
16271	0
16272	0
16273	0
16274	1
16275	0
16276	0
16277	0
16278	0
16279	0
16280	1
16281	1
16282	0
16283	1
16284	0
16285	0
16286	0
16287	0
16288	0
16289	1
16290	0
16291	0
16292	1
16293	1
16294	0
16295	1
16296	1
16297	0
16298	1
16299	1
16300	0
16301	1
16302	0
16303	0
16304	1
16305	0
16306	0
16307	1
16308	1
16309	0
16310	0
16311	0
16312	0
16313	0
16314	0
16315	1
16316	1
16317	1
16318	0
16319	1
16320	1
16321	1
16322	0
16323	0
16324	1
16325	0
16326	0
16327	0
16328	0
16329	0
16330	0
16331	1
16332	1
16333	0
16334	0
16335	0
16336	0
16337	0
16338	0
16339	0
16340	0
16341	0
16342	0
16343	0
16344	0
16345	0
16346	0
16347	0
16348	1
16349	0
16350	0
16351	0
16352	0
16353	0
16354	1
16355	0
16356	0
16357	0
16358	1
16359	1
16360	0
16361	0
16362	0
16363	0
16364	0
16365	1
16366	0
16367	1
16368	1
16369	1
16370	0
16371	1
16372	0
16373	0
16374	0
16375	0
16376	0
16377	0
16378	1
16379	1
16380	0
16381	1
16382	0
16383	0
16384	0
16385	0
16386	0
16387	0
16388	0
16389	1
16390	0
16391	0
16392	1
16393	1
16394	0
16395	0
16396	1
16397	0
16398	1
16399	0
16400	1
16401	0
16402	0
16403	0
16404	1
16405	1
16406	1
16407	0
16408	1
16409	1
16410	0
16411	1
16412	1
16413	0
16414	0
16415	0
16416	0
16417	0
16418	0
16419	1
16420	0
16421	0
16422	1
16423	0
16424	0
16425	0
16426	1
16427	0
16428	0
16429	1
16430	1
16431	0
16432	0
16433	0
16434	0
16435	0
16436	0
16437	1
16438	0
16439	0
16440	1
16441	1
16442	0
16443	0
16444	0
16445	1
16446	0
16447	0
16448	0
16449	0
16450	0
16451	0
16452	1
16453	0
16454	0
16455	0
16456	0
16457	0
16458	1
16459	0
16460	0
16461	1
16462	0
16463	0
16464	0
16465	1
16466	1
16467	0
16468	0
16469	0
16470	0
16471	1
16472	0
16473	0
16474	0
16475	0
16476	0
16477	0
16478	0
16479	0
16480	0
16481	0
16482	1
16483	0
16484	0
16485	0
16486	0
16487	0
16488	0
16489	0
16490	0
16491	0
16492	1
16493	0
16494	0
16495	1
16496	0
16497	0
16498	0
16499	0
16500	0
16501	1
16502	0
16503	0
16504	1
16505	0
16506	0
16507	0
16508	0
16509	0
16510	1
16511	0
16512	0
16513	1
16514	0
16515	1
16516	0
16517	0
16518	0
16519	0
16520	1
16521	1
16522	0
16523	0
16524	0
16525	0
16526	0
16527	0
16528	0
16529	1
16530	1
16531	1
16532	0
16533	1
16534	1
16535	1
16536	0
16537	1
16538	0
16539	0
16540	1
16541	1
16542	0
16543	1
16544	1
16545	0
16546	1
16547	0
16548	0
16549	0
16550	1
16551	0
16552	0
16553	0
16554	0
16555	1
16556	0
16557	0
16558	0
16559	1
16560	0
16561	0
16562	0
16563	0
16564	0
16565	0
16566	0
16567	0
16568	0
16569	0
16570	0
16571	0
16572	0
16573	0
16574	0
16575	1
16576	0
16577	1
16578	1
16579	1
16580	0
16581	0
16582	0
16583	1
16584	1
16585	0
16586	0
16587	0
16588	0
16589	1
16590	0
16591	0
16592	0
16593	0
16594	0
16595	1
16596	0
16597	1
16598	0
16599	0
16600	0
16601	0
16602	1
16603	0
16604	1
16605	0
16606	0
16607	0
16608	0
16609	0
16610	0
16611	1
16612	1
16613	0
16614	0
16615	1
16616	0
16617	1
16618	1
16619	1
16620	0
16621	0
16622	0
16623	0
16624	1
16625	0
16626	0
16627	0
16628	1
16629	0
16630	1
16631	0
16632	1
16633	0
16634	0
16635	1
16636	1
16637	0
16638	0
16639	0
16640	0
16641	0
16642	0
16643	1
16644	0
16645	1
16646	0
16647	0
16648	1
16649	0
16650	0
16651	0
16652	0
16653	1
16654	0
16655	1
16656	0
16657	1
16658	0
16659	1
16660	1
16661	1
16662	0
16663	1
16664	0
16665	0
16666	0
16667	0
16668	0
16669	0
16670	0
16671	0
16672	0
16673	0
16674	1
16675	0
16676	0
16677	0
16678	0
16679	1
16680	0
16681	0
16682	0
16683	0
16684	1
16685	1
16686	1
16687	1
16688	0
16689	1
16690	1
16691	1
16692	1
16693	0
16694	0
16695	0
16696	0
16697	0
16698	0
16699	0
16700	0
16701	1
16702	0
16703	0
16704	1
16705	0
16706	0
16707	0
16708	0
16709	0
16710	0
16711	0
16712	0
16713	0
16714	1
16715	0
16716	0
16717	0
16718	0
16719	0
16720	0
16721	0
16722	0
16723	0
16724	1
16725	0
16726	0
16727	0
16728	0
16729	0
16730	1
16731	0
16732	0
16733	1
16734	0
16735	0
16736	0
16737	1
16738	0
16739	0
16740	1
16741	0
16742	1
16743	0
16744	0
16745	0
16746	0
16747	0
16748	0
16749	0
16750	1
16751	0
16752	0
16753	1
16754	1
16755	0
16756	0
16757	0
16758	0
16759	0
16760	0
16761	1
16762	0
16763	0
16764	0
16765	1
16766	0
16767	1
16768	0
16769	0
16770	0
16771	1
16772	0
16773	0
16774	1
16775	0
16776	1
16777	0
16778	0
16779	1
16780	0
16781	1
16782	0
16783	1
16784	0
16785	0
16786	0
16787	0
16788	0
16789	0
16790	0
16791	0
16792	0
16793	0
16794	0
16795	1
16796	0
16797	0
16798	0
16799	0
16800	1
16801	0
16802	0
16803	1
16804	0
16805	0
16806	1
16807	0
16808	1
16809	0
16810	0
16811	0
16812	0
16813	0
16814	0
16815	0
16816	1
16817	0
16818	0
16819	0
16820	0
16821	1
16822	0
16823	0
16824	0
16825	0
16826	0
16827	0
16828	0
16829	0
16830	0
16831	0
16832	1
16833	0
16834	1
16835	1
16836	0
16837	0
16838	1
16839	0
16840	1
16841	0
16842	0
16843	0
16844	0
16845	0
16846	0
16847	1
16848	0
16849	0
16850	1
16851	1
16852	1
16853	1
16854	0
16855	1
16856	1
16857	1
16858	0
16859	0
16860	0
16861	0
16862	0
16863	1
16864	0
16865	0
16866	1
16867	1
16868	0
16869	0
16870	0
16871	1
16872	0
16873	0
16874	0
16875	0
16876	0
16877	1
16878	0
16879	0
16880	0
16881	0
16882	1
16883	0
16884	0
16885	0
16886	0
16887	0
16888	0
16889	1
16890	0
16891	1
16892	0
16893	1
16894	0
16895	0
16896	0
16897	0
16898	0
16899	0
16900	0
16901	1
16902	0
16903	0
16904	1
16905	1
16906	0
16907	0
16908	0
16909	1
16910	0
16911	1
16912	0
16913	1
16914	0
16915	1
16916	1
16917	0
16918	1
16919	1
16920	0
16921	0
16922	1
16923	0
16924	0
16925	1
16926	0
16927	0
16928	1
16929	1
16930	0
16931	0
16932	0
16933	0
16934	0
16935	0
16936	0
16937	0
16938	0
16939	1
16940	0
16941	0
16942	1
16943	1
16944	0
16945	0
16946	0
16947	0
16948	0
16949	0
16950	1
16951	0
16952	1
16953	1
16954	1
16955	0
16956	1
16957	0
16958	0
16959	0
16960	0
16961	0
16962	1
16963	1
16964	0
16965	0
16966	0
16967	1
16968	0
16969	1
16970	0
16971	0
16972	1
16973	0
16974	1
16975	1
16976	1
16977	0
16978	0
16979	0
16980	0
16981	1
16982	1
16983	0
16984	0
16985	0
16986	1
16987	0
16988	0
16989	0
16990	0
16991	0
16992	0
16993	1
16994	1
16995	0
16996	1
16997	0
16998	0
16999	0
17000	0
17001	0
17002	1
17003	0
17004	0
17005	0
17006	0
17007	1
17008	0
17009	0
17010	1
17011	1
17012	0
17013	0
17014	0
17015	1
17016	0
17017	1
17018	0
17019	0
17020	0
17021	1
17022	0
17023	1
17024	0
17025	0
17026	1
17027	0
17028	0
17029	0
17030	0
17031	0
17032	0
17033	0
17034	0
17035	0
17036	1
17037	0
17038	1
17039	0
17040	0
17041	0
17042	0
17043	0
17044	1
17045	0
17046	0
17047	0
17048	0
17049	1
17050	0
17051	1
17052	0
17053	0
17054	0
17055	1
17056	1
17057	1
17058	1
17059	0
17060	0
17061	1
17062	0
17063	1
17064	0
17065	0
17066	0
17067	0
17068	1
17069	1
17070	0
17071	1
17072	0
17073	0
17074	0
17075	0
17076	1
17077	1
17078	0
17079	0
17080	0
17081	1
17082	1
17083	0
17084	0
17085	0
17086	1
17087	0
17088	0
17089	0
17090	1
17091	0
17092	1
17093	1
17094	1
17095	0
17096	0
17097	0
17098	0
17099	1
17100	0
17101	0
17102	0
17103	0
17104	0
17105	0
17106	0
17107	0
17108	0
17109	0
17110	0
17111	0
17112	1
17113	0
17114	0
17115	0
17116	0
17117	0
17118	0
17119	0
17120	0
17121	0
17122	0
17123	0
17124	0
17125	0
17126	0
17127	1
17128	1
17129	0
17130	1
17131	1
17132	0
17133	0
17134	0
17135	1
17136	1
17137	0
17138	1
17139	0
17140	1
17141	0
17142	0
17143	0
17144	0
17145	0
17146	1
17147	0
17148	0
17149	1
17150	1
17151	0
17152	1
17153	1
17154	0
17155	0
17156	0
17157	0
17158	0
17159	0
17160	0
17161	0
17162	0
17163	0
17164	1
17165	1
17166	0
17167	0
17168	0
17169	0
17170	0
17171	0
17172	0
17173	1
17174	1
17175	0
17176	0
17177	1
17178	0
17179	0
17180	0
17181	0
17182	0
17183	0
17184	1
17185	0
17186	0
17187	0
17188	0
17189	1
17190	1
17191	0
17192	1
17193	0
17194	0
17195	0
17196	0
17197	1
17198	0
17199	0
17200	0
17201	1
17202	1
17203	1
17204	1
17205	1
17206	1
17207	0
17208	1
17209	1
17210	1
17211	1
17212	1
17213	1
17214	1
17215	0
17216	0
17217	1
17218	1
17219	0
17220	1
17221	1
17222	1
17223	1
17224	0
17225	1
17226	0
17227	1
17228	1
17229	0
17230	1
17231	1
17232	1
17233	0
17234	0
17235	1
17236	0
17237	1
17238	0
17239	0
17240	1
17241	1
17242	1
17243	1
17244	1
17245	1
17246	1
17247	0
17248	0
17249	1
17250	0
17251	0
17252	0
17253	1
17254	0
17255	1
17256	1
17257	1
17258	1
17259	1
17260	0
17261	1
17262	1
17263	1
17264	0
17265	0
17266	1
17267	1
17268	0
17269	0
17270	1
17271	0
17272	0
17273	1
17274	1
17275	0
17276	1
17277	1
17278	1
17279	1
17280	0
17281	1
17282	1
17283	1
17284	0
17285	0
17286	0
17287	1
17288	1
17289	0
17290	1
17291	0
17292	1
17293	1
17294	1
17295	1
17296	0
17297	1
17298	1
17299	0
17300	1
17301	0
17302	1
17303	0
17304	1
17305	1
17306	0
17307	1
17308	1
17309	1
17310	1
17311	0
17312	0
17313	1
17314	0
17315	1
17316	1
17317	1
17318	1
17319	1
17320	1
17321	0
17322	1
17323	0
17324	1
17325	1
17326	0
17327	1
17328	1
17329	1
17330	1
17331	1
17332	1
17333	1
17334	1
17335	1
17336	1
17337	1
17338	1
17339	1
17340	0
17341	0
17342	0
17343	1
17344	1
17345	0
17346	0
17347	1
17348	1
17349	1
17350	0
17351	0
17352	0
17353	1
17354	0
17355	0
17356	0
17357	1
17358	1
17359	0
17360	0
17361	1
17362	0
17363	1
17364	0
17365	0
17366	1
17367	1
17368	0
17369	1
17370	1
17371	1
17372	1
17373	1
17374	1
17375	1
17376	1
17377	1
17378	1
17379	1
17380	0
17381	1
17382	1
17383	0
17384	0
17385	1
17386	0
17387	1
17388	1
17389	0
17390	0
17391	0
17392	0
17393	0
17394	1
17395	0
17396	1
17397	1
17398	1
17399	1
17400	1
17401	1
17402	1
17403	1
17404	1
17405	1
17406	0
17407	0
17408	1
17409	1
17410	1
17411	1
17412	0
17413	1
17414	0
17415	1
17416	0
17417	1
17418	1
17419	1
17420	0
17421	1
17422	0
17423	1
17424	1
17425	0
17426	1
17427	1
17428	1
17429	1
17430	0
17431	1
17432	1
17433	0
17434	1
17435	1
17436	1
17437	0
17438	0
17439	0
17440	0
17441	0
17442	1
17443	1
17444	0
17445	0
17446	1
17447	1
17448	1
17449	1
17450	1
17451	1
17452	1
17453	1
17454	1
17455	1
17456	1
17457	0
17458	1
17459	1
17460	0
17461	0
17462	1
17463	1
17464	1
17465	0
17466	1
17467	0
17468	1
17469	0
17470	1
17471	1
17472	1
17473	1
17474	1
17475	1
17476	0
17477	1
17478	1
17479	1
17480	0
17481	0
17482	0
17483	0
17484	0
17485	0
17486	1
17487	1
17488	0
17489	1
17490	1
17491	0
17492	1
17493	1
17494	1
17495	1
17496	0
17497	1
17498	1
17499	1
17500	1
17501	1
17502	0
17503	1
17504	1
17505	1
17506	1
17507	0
17508	1
17509	1
17510	1
17511	1
17512	1
17513	0
17514	1
17515	0
17516	1
17517	0
17518	1
17519	1
17520	0
17521	1
17522	1
17523	1
17524	0
17525	0
17526	0
17527	1
17528	0
17529	1
17530	1
17531	1
17532	0
17533	1
17534	1
17535	0
17536	0
17537	1
17538	0
17539	1
17540	1
17541	1
17542	1
17543	1
17544	1
17545	1
17546	1
17547	0
17548	1
17549	1
17550	1
17551	1
17552	0
17553	1
17554	1
17555	0
17556	0
17557	1
17558	1
17559	0
17560	1
17561	0
17562	0
17563	0
17564	0
17565	1
17566	1
17567	1
17568	1
17569	1
17570	1
17571	0
17572	1
17573	1
17574	0
17575	1
17576	1
17577	0
17578	1
17579	0
17580	1
17581	1
17582	1
17583	1
17584	1
17585	0
17586	1
17587	1
17588	1
17589	1
17590	1
17591	0
17592	0
17593	0
17594	1
17595	0
17596	1
17597	1
17598	1
17599	0
17600	1
17601	1
17602	1
17603	1
17604	1
17605	1
17606	1
17607	1
17608	1
17609	1
17610	1
17611	0
17612	1
17613	1
17614	1
17615	1
17616	1
17617	1
17618	1
17619	1
17620	1
17621	1
17622	1
17623	0
17624	1
17625	0
17626	1
17627	0
17628	0
17629	0
17630	1
17631	0
17632	1
17633	1
17634	0
17635	0
17636	0
17637	1
17638	1
17639	0
17640	0
17641	1
17642	0
17643	1
17644	1
17645	1
17646	1
17647	1
17648	0
17649	0
17650	0
17651	1
17652	1
17653	1
17654	1
17655	1
17656	1
17657	1
17658	1
17659	1
17660	1
17661	0
17662	1
17663	0
17664	0
17665	1
17666	1
17667	1
17668	0
17669	1
17670	1
17671	1
17672	0
17673	1
17674	1
17675	0
17676	1
17677	0
17678	1
17679	1
17680	0
17681	1
17682	0
17683	1
17684	0
17685	1
17686	1
17687	1
17688	1
17689	1
17690	0
17691	0
17692	0
17693	1
17694	1
17695	1
17696	0
17697	0
17698	0
17699	0
17700	1
17701	1
17702	0
17703	1
17704	0
17705	0
17706	0
17707	1
17708	1
17709	1
17710	1
17711	0
17712	1
17713	1
17714	1
17715	0
17716	0
17717	1
17718	0
17719	1
17720	1
17721	1
17722	1
17723	0
17724	0
17725	1
17726	1
17727	0
17728	1
17729	1
17730	1
17731	0
17732	1
17733	0
17734	1
17735	0
17736	1
17737	0
17738	0
17739	0
17740	0
17741	0
17742	1
17743	1
17744	1
17745	1
17746	0
17747	1
17748	0
17749	0
17750	1
17751	0
17752	1
17753	0
17754	0
17755	1
17756	1
17757	1
17758	1
17759	1
17760	1
17761	1
17762	0
17763	1
17764	1
17765	1
17766	1
17767	0
17768	0
17769	1
17770	1
17771	1
17772	1
17773	1
17774	1
17775	1
17776	0
17777	1
17778	1
17779	1
17780	1
17781	0
17782	1
17783	0
17784	1
17785	0
17786	1
17787	1
17788	1
17789	0
17790	1
17791	1
17792	0
17793	1
17794	0
17795	1
17796	1
17797	1
17798	1
17799	1
17800	1
17801	1
17802	1
17803	1
17804	1
17805	1
17806	1
17807	0
17808	0
17809	1
17810	1
17811	0
17812	0
17813	1
17814	1
17815	1
17816	1
17817	1
17818	0
17819	0
17820	1
17821	1
17822	1
17823	1
17824	1
17825	1
17826	1
17827	1
17828	0
17829	1
17830	1
17831	0
17832	1
17833	1
17834	1
17835	1
17836	1
17837	0
17838	0
17839	1
17840	1
17841	1
17842	0
17843	1
17844	0
17845	1
17846	0
17847	1
17848	1
17849	0
17850	1
17851	0
17852	1
17853	1
17854	1
17855	1
17856	0
17857	0
17858	1
17859	1
17860	1
17861	1
17862	1
17863	0
17864	0
17865	0
17866	1
17867	0
17868	1
17869	1
17870	1
17871	1
17872	1
17873	1
17874	0
17875	1
17876	0
17877	1
17878	0
17879	1
17880	0
17881	1
17882	1
17883	1
17884	1
17885	1
17886	1
17887	1
17888	0
17889	1
17890	1
17891	0
17892	1
17893	1
17894	1
17895	1
17896	0
17897	1
17898	1
17899	1
17900	1
17901	1
17902	0
17903	1
17904	0
17905	1
17906	1
17907	0
17908	0
17909	0
17910	1
17911	1
17912	0
17913	1
17914	0
17915	1
17916	0
17917	0
17918	1
17919	1
17920	1
17921	0
17922	0
17923	0
17924	0
17925	1
17926	0
17927	0
17928	0
17929	1
17930	1
17931	1
17932	0
17933	1
17934	1
17935	1
17936	1
17937	0
17938	1
17939	1
17940	1
17941	0
17942	1
17943	1
17944	0
17945	1
17946	1
17947	1
17948	0
17949	0
17950	1
17951	1
17952	0
17953	1
17954	0
17955	0
17956	0
17957	1
17958	0
17959	1
17960	0
17961	1
17962	1
17963	1
17964	0
17965	0
17966	0
17967	1
17968	0
17969	1
17970	0
17971	1
17972	1
17973	1
17974	1
17975	1
17976	1
17977	1
17978	1
17979	1
17980	1
17981	1
17982	1
17983	1
17984	1
17985	1
17986	1
17987	1
17988	1
17989	0
17990	1
17991	1
17992	0
17993	1
17994	0
17995	1
17996	0
17997	1
17998	1
17999	1
18000	0
18001	1
18002	1
18003	1
18004	1
18005	0
18006	0
18007	0
18008	1
18009	0
18010	0
18011	0
18012	1
18013	0
18014	1
18015	1
18016	1
18017	1
18018	1
18019	1
18020	1
18021	1
18022	1
18023	1
18024	0
18025	1
18026	1
18027	1
18028	0
18029	1
18030	1
18031	1
18032	1
18033	1
18034	0
18035	1
18036	1
18037	1
18038	1
18039	1
18040	1
18041	1
18042	1
18043	1
18044	0
18045	1
18046	0
18047	1
18048	0
18049	1
18050	0
18051	1
18052	0
18053	1
18054	1
18055	1
18056	1
18057	1
18058	0
18059	1
18060	1
18061	0
18062	1
18063	0
18064	1
18065	1
18066	1
18067	1
18068	0
18069	1
18070	0
18071	1
18072	0
18073	1
18074	1
18075	0
18076	0
18077	0
18078	1
18079	1
18080	1
18081	1
18082	1
18083	1
18084	1
18085	0
18086	0
18087	0
18088	0
18089	0
18090	1
18091	1
18092	1
18093	1
18094	1
18095	0
18096	1
18097	0
18098	0
18099	1
18100	0
18101	1
18102	0
18103	0
18104	0
18105	1
18106	0
18107	1
18108	1
18109	1
18110	1
18111	0
18112	1
18113	1
18114	1
18115	1
18116	0
18117	1
18118	1
18119	1
18120	1
18121	0
18122	1
18123	0
18124	0
18125	0
18126	1
18127	0
18128	1
18129	1
18130	1
18131	0
18132	1
18133	1
18134	0
18135	1
18136	1
18137	0
18138	0
18139	0
18140	1
18141	1
18142	1
18143	0
18144	1
18145	1
18146	1
18147	0
18148	0
18149	1
18150	0
18151	0
18152	1
18153	0
18154	1
18155	1
18156	1
18157	1
18158	1
18159	0
18160	1
18161	1
18162	1
18163	0
18164	0
18165	0
18166	1
18167	0
18168	0
18169	0
18170	0
18171	1
18172	1
18173	1
18174	1
18175	0
18176	1
18177	1
18178	1
18179	1
18180	0
18181	1
18182	0
18183	1
18184	1
18185	1
18186	1
18187	1
18188	0
18189	1
18190	1
18191	0
18192	1
18193	1
18194	1
18195	0
18196	1
18197	0
18198	1
18199	1
18200	1
18201	1
18202	1
18203	1
18204	1
18205	0
18206	1
18207	1
18208	1
18209	1
18210	1
18211	0
18212	1
18213	1
18214	0
18215	1
18216	1
18217	0
18218	1
18219	1
18220	0
18221	1
18222	1
18223	1
18224	0
18225	0
18226	1
18227	0
18228	0
18229	1
18230	0
18231	1
18232	1
18233	1
18234	1
18235	1
18236	1
18237	1
18238	1
18239	1
18240	1
18241	0
18242	0
18243	1
18244	0
18245	1
18246	1
18247	1
18248	1
18249	0
18250	0
18251	1
18252	0
18253	1
18254	1
18255	1
18256	0
18257	0
18258	1
18259	0
18260	1
18261	1
18262	1
18263	1
18264	1
18265	1
18266	1
18267	1
18268	0
18269	1
18270	1
18271	0
18272	0
18273	1
18274	1
18275	0
18276	0
18277	1
18278	1
18279	1
18280	0
18281	1
18282	1
18283	1
18284	0
18285	1
18286	1
18287	1
18288	1
18289	1
18290	1
18291	1
18292	1
18293	0
18294	1
18295	1
18296	1
18297	0
18298	1
18299	0
18300	1
18301	0
18302	1
18303	0
18304	1
18305	0
18306	1
18307	1
18308	1
18309	1
18310	1
18311	1
18312	0
18313	1
18314	1
18315	1
18316	1
18317	0
18318	1
18319	0
18320	0
18321	1
18322	0
18323	1
18324	0
18325	1
18326	1
18327	0
18328	0
18329	1
18330	0
18331	0
18332	0
18333	0
18334	1
18335	0
18336	1
18337	1
18338	1
18339	1
18340	0
18341	1
18342	0
18343	1
18344	1
18345	0
18346	0
18347	1
18348	1
18349	1
18350	1
18351	0
18352	1
18353	0
18354	0
18355	0
18356	1
18357	1
18358	0
18359	0
18360	1
18361	1
18362	1
18363	1
18364	1
18365	1
18366	0
18367	0
18368	0
18369	0
18370	1
18371	0
18372	1
18373	0
18374	0
18375	1
18376	1
18377	1
18378	1
18379	1
18380	1
18381	1
18382	1
18383	1
18384	1
18385	0
18386	1
18387	1
18388	0
18389	0
18390	1
18391	0
18392	1
18393	0
18394	1
18395	0
18396	0
18397	0
18398	1
18399	0
18400	1
18401	1
18402	1
18403	0
18404	1
18405	1
18406	1
18407	1
18408	1
18409	0
18410	1
18411	1
18412	1
18413	1
18414	0
18415	1
18416	0
18417	0
18418	0
18419	1
18420	1
18421	1
18422	1
18423	1
18424	1
18425	0
18426	0
18427	1
18428	1
18429	1
18430	0
18431	0
18432	1
18433	0
18434	1
18435	1
18436	1
18437	1
18438	1
18439	1
18440	1
18441	1
18442	0
18443	0
18444	1
18445	1
18446	1
18447	1
18448	1
18449	1
18450	0
18451	1
18452	0
18453	0
18454	0
18455	0
18456	1
18457	0
18458	1
18459	1
18460	1
18461	1
18462	0
18463	1
18464	1
18465	1
18466	0
18467	1
18468	1
18469	1
18470	1
18471	1
18472	1
18473	1
18474	1
18475	1
18476	0
18477	1
18478	1
18479	1
18480	1
18481	0
18482	1
18483	0
18484	0
18485	1
18486	0
18487	1
18488	1
18489	1
18490	0
18491	0
18492	0
18493	1
18494	1
18495	1
18496	0
18497	1
18498	1
18499	1
18500	0
18501	1
18502	1
18503	1
18504	1
18505	1
18506	1
18507	1
18508	1
18509	1
18510	1
18511	1
18512	1
18513	0
18514	0
18515	1
18516	0
18517	0
18518	1
18519	1
18520	1
18521	0
18522	0
18523	1
18524	1
18525	0
18526	1
18527	0
18528	1
18529	1
18530	0
18531	0
18532	1
18533	1
18534	1
18535	0
18536	1
18537	1
18538	0
18539	0
18540	1
18541	1
18542	0
18543	1
18544	0
18545	0
18546	1
18547	0
18548	0
18549	1
18550	0
18551	1
18552	1
18553	0
18554	0
18555	1
18556	1
18557	1
18558	1
18559	0
18560	0
18561	1
18562	1
18563	0
18564	1
18565	1
18566	1
18567	0
18568	0
18569	1
18570	1
18571	1
18572	0
18573	0
18574	0
18575	0
18576	1
18577	0
18578	0
18579	1
18580	1
18581	1
18582	0
18583	0
18584	1
18585	0
18586	0
18587	0
18588	1
18589	1
18590	1
18591	1
18592	1
18593	1
18594	1
18595	1
18596	0
18597	0
18598	1
18599	1
18600	1
18601	1
18602	1
18603	1
18604	1
18605	1
18606	0
18607	1
18608	0
18609	1
18610	1
18611	1
18612	0
18613	1
18614	1
18615	1
18616	0
18617	1
18618	1
18619	1
18620	1
18621	0
18622	1
18623	1
18624	0
18625	0
18626	1
18627	0
18628	1
18629	1
18630	1
18631	1
18632	0
18633	0
18634	1
18635	1
18636	0
18637	1
18638	0
18639	1
18640	0
18641	0
18642	0
18643	1
18644	0
18645	1
18646	1
18647	0
18648	1
18649	0
18650	0
18651	0
18652	0
18653	1
18654	1
18655	0
18656	1
18657	0
18658	1
18659	1
18660	1
18661	1
18662	1
18663	1
18664	1
18665	0
18666	1
18667	0
18668	0
18669	1
18670	1
18671	0
18672	1
18673	1
18674	1
18675	0
18676	1
18677	0
18678	0
18679	1
18680	1
18681	1
18682	1
18683	0
18684	0
18685	1
18686	1
18687	0
18688	0
18689	1
18690	1
18691	1
18692	1
18693	1
18694	1
18695	0
18696	1
18697	0
18698	0
18699	1
18700	1
18701	0
18702	0
18703	1
18704	1
18705	1
18706	0
18707	1
18708	1
18709	1
18710	0
18711	1
18712	1
18713	1
18714	1
18715	0
18716	0
18717	0
18718	1
18719	0
18720	1
18721	1
18722	1
18723	0
18724	1
18725	1
18726	1
18727	0
18728	1
18729	1
18730	1
18731	1
18732	0
18733	0
18734	1
18735	1
18736	1
18737	1
18738	1
18739	1
18740	1
18741	1
18742	0
18743	1
18744	1
18745	0
18746	0
18747	1
18748	1
18749	0
18750	1
18751	1
18752	0
18753	0
18754	0
18755	1
18756	1
18757	1
18758	1
18759	1
18760	1
18761	0
18762	1
18763	1
18764	0
18765	0
18766	0
18767	0
18768	1
18769	1
18770	0
18771	1
18772	1
18773	1
18774	0
18775	0
18776	1
18777	1
18778	1
18779	1
18780	1
18781	1
18782	1
18783	0
18784	1
18785	1
18786	1
18787	0
18788	1
18789	0
18790	1
18791	0
18792	1
18793	1
18794	1
18795	1
18796	0
18797	0
18798	1
18799	0
18800	1
18801	1
18802	0
18803	1
18804	0
18805	1
18806	0
18807	1
18808	0
18809	0
18810	1
18811	1
18812	1
18813	1
18814	1
18815	1
18816	0
18817	0
18818	0
18819	1
18820	1
18821	0
18822	1
18823	0
18824	1
18825	1
18826	1
18827	0
18828	1
18829	0
18830	0
18831	0
18832	0
18833	1
18834	1
18835	0
18836	1
18837	1
18838	0
18839	0
18840	1
18841	1
18842	1
18843	1
18844	1
18845	1
18846	0
18847	1
18848	1
18849	1
18850	1
18851	1
18852	1
18853	1
18854	0
18855	1
18856	1
18857	1
18858	1
18859	1
18860	1
18861	0
18862	0
18863	1
18864	1
18865	1
18866	0
18867	1
18868	1
18869	0
18870	1
18871	1
18872	0
18873	1
18874	0
18875	1
18876	1
18877	1
18878	0
18879	0
18880	1
18881	0
18882	1
18883	0
18884	1
18885	1
18886	1
18887	0
18888	1
18889	1
18890	1
18891	1
18892	0
18893	0
18894	1
18895	1
18896	1
18897	1
18898	1
18899	1
18900	1
18901	0
18902	0
18903	0
18904	1
18905	1
18906	0
18907	0
18908	1
18909	1
18910	1
18911	1
18912	1
18913	0
18914	0
18915	1
18916	1
18917	1
18918	1
18919	0
18920	0
18921	1
18922	1
18923	1
18924	1
18925	1
18926	1
18927	0
18928	1
18929	0
18930	1
18931	0
18932	1
18933	1
18934	1
18935	1
18936	1
18937	1
18938	0
18939	0
18940	1
18941	1
18942	0
18943	1
18944	1
18945	1
18946	0
18947	1
18948	1
18949	1
18950	0
18951	1
18952	0
18953	1
18954	1
18955	1
18956	0
18957	0
18958	0
18959	1
18960	1
18961	1
18962	0
18963	1
18964	1
18965	1
18966	1
18967	1
18968	1
18969	0
18970	0
18971	1
18972	1
18973	0
18974	1
18975	1
18976	1
18977	1
18978	0
18979	1
18980	1
18981	1
18982	1
18983	0
18984	1
18985	1
18986	1
18987	1
18988	1
18989	0
18990	0
18991	1
18992	1
18993	1
18994	0
18995	1
18996	1
18997	1
18998	0
18999	1
19000	1
19001	1
19002	1
19003	0
19004	1
19005	1
19006	1
19007	1
19008	1
19009	1
19010	1
19011	1
19012	1
19013	1
19014	0
19015	0
19016	1
19017	1
19018	1
19019	0
19020	0
19021	0
19022	1
19023	0
19024	0
19025	0
19026	1
19027	0
19028	1
19029	1
19030	0
19031	1
19032	1
19033	0
19034	0
19035	0
19036	0
19037	1
19038	0
19039	0
19040	1
19041	0
19042	1
19043	1
19044	1
19045	1
19046	1
19047	1
19048	1
19049	1
19050	1
19051	1
19052	0
19053	0
19054	0
19055	1
19056	0
19057	1
19058	0
19059	1
19060	1
19061	0
19062	0
19063	1
19064	1
19065	0
19066	1
19067	0
19068	1
19069	1
19070	0
19071	1
19072	1
19073	1
19074	1
19075	0
19076	1
19077	1
19078	1
19079	1
19080	0
19081	1
19082	1
19083	1
19084	1
19085	0
19086	1
19087	0
19088	1
19089	1
19090	1
19091	1
19092	1
19093	0
19094	1
19095	0
19096	1
19097	1
19098	1
19099	1
19100	1
19101	1
19102	1
19103	0
19104	1
19105	1
19106	1
19107	1
19108	1
19109	1
19110	0
19111	1
19112	1
19113	1
19114	1
19115	1
19116	1
19117	1
19118	1
19119	1
19120	1
19121	0
19122	1
19123	1
19124	1
19125	1
19126	1
19127	1
19128	0
19129	0
19130	1
19131	1
19132	1
19133	1
19134	1
19135	0
19136	1
19137	0
19138	0
19139	1
19140	0
19141	1
19142	0
19143	1
19144	0
19145	1
19146	1
19147	1
19148	1
19149	1
19150	1
19151	0
19152	0
19153	1
19154	1
19155	1
19156	0
19157	1
19158	1
19159	0
19160	1
19161	1
19162	1
19163	1
19164	0
19165	1
19166	1
19167	1
19168	1
19169	1
19170	1
19171	0
19172	1
19173	0
19174	0
19175	1
19176	1
19177	1
19178	1
19179	1
19180	0
19181	0
19182	1
19183	1
19184	1
19185	0
19186	1
19187	0
19188	0
19189	1
19190	0
19191	1
19192	1
19193	1
19194	1
19195	1
19196	0
19197	0
19198	1
19199	1
19200	0
19201	1
19202	1
19203	1
19204	0
19205	0
19206	0
19207	1
19208	0
19209	1
19210	1
19211	0
19212	0
19213	1
19214	1
19215	0
19216	1
19217	1
19218	1
19219	1
19220	0
19221	0
19222	1
19223	0
19224	1
19225	1
19226	1
19227	1
19228	1
19229	1
19230	1
19231	1
19232	0
19233	0
19234	1
19235	0
19236	1
19237	1
19238	0
19239	1
19240	1
19241	1
19242	1
19243	1
19244	1
19245	1
19246	1
19247	1
19248	1
19249	1
19250	1
19251	1
19252	0
19253	0
19254	0
19255	1
19256	0
19257	0
19258	1
19259	1
19260	0
19261	0
19262	1
19263	1
19264	0
19265	1
19266	1
19267	1
19268	1
19269	0
19270	1
19271	0
19272	1
19273	1
19274	0
19275	1
19276	1
19277	0
19278	1
19279	1
19280	1
19281	0
19282	0
19283	1
19284	1
19285	0
19286	1
19287	1
19288	1
19289	1
19290	1
19291	1
19292	0
19293	0
19294	1
19295	1
19296	1
19297	1
19298	1
19299	1
19300	0
19301	0
19302	1
19303	0
19304	1
19305	0
19306	0
19307	0
19308	0
19309	1
19310	0
19311	1
19312	0
19313	1
19314	0
19315	1
19316	0
19317	1
19318	1
19319	1
19320	1
19321	0
19322	1
19323	1
19324	0
19325	1
19326	1
19327	1
19328	1
19329	0
19330	1
19331	0
19332	1
19333	1
19334	1
19335	0
19336	1
19337	1
19338	1
19339	1
19340	0
19341	1
19342	0
19343	1
19344	1
19345	1
19346	1
19347	1
19348	0
19349	1
19350	1
19351	0
19352	1
19353	0
19354	0
19355	1
19356	0
19357	0
19358	1
19359	1
19360	0
19361	1
19362	0
19363	1
19364	0
19365	0
19366	1
19367	1
19368	1
19369	1
19370	0
19371	0
19372	1
19373	1
19374	1
19375	1
19376	0
19377	1
19378	0
19379	1
19380	1
19381	1
19382	0
19383	1
19384	0
19385	1
19386	0
19387	1
19388	1
19389	1
19390	1
19391	1
19392	1
19393	1
19394	1
19395	1
19396	0
19397	0
19398	1
19399	0
19400	0
19401	0
19402	1
19403	1
19404	1
19405	0
19406	0
19407	1
19408	1
19409	1
19410	1
19411	0
19412	1
19413	0
19414	1
19415	1
19416	1
19417	0
19418	0
19419	0
19420	1
19421	1
19422	0
19423	0
19424	1
19425	0
19426	1
19427	1
19428	0
19429	1
19430	1
19431	0
19432	1
19433	0
19434	1
19435	1
19436	0
19437	1
19438	1
19439	1
19440	0
19441	0
19442	1
19443	0
19444	1
19445	1
19446	0
19447	1
19448	1
19449	0
19450	1
19451	1
19452	0
19453	1
19454	1
19455	1
19456	1
19457	1
19458	0
19459	1
19460	0
19461	1
19462	1
19463	1
19464	1
19465	0
19466	1
19467	1
19468	1
19469	0
19470	0
19471	0
19472	1
19473	1
19474	0
19475	1
19476	1
19477	0
19478	1
19479	1
19480	1
19481	0
19482	1
19483	1
19484	1
19485	1
19486	0
19487	1
19488	1
19489	1
19490	0
19491	0
19492	1
19493	1
19494	0
19495	1
19496	1
19497	1
19498	0
19499	0
19500	1
19501	1
19502	1
19503	1
19504	1
19505	1
19506	0
19507	1
19508	1
19509	1
19510	1
19511	1
19512	1
19513	0
19514	0
19515	0
19516	0
19517	1
19518	1
19519	1
19520	1
19521	0
19522	1
19523	0
19524	0
19525	1
19526	0
19527	1
19528	0
19529	0
19530	1
19531	0
19532	0
19533	1
19534	0
19535	0
19536	0
19537	1
19538	1
19539	0
19540	1
19541	0
19542	1
19543	0
19544	1
19545	1
19546	1
19547	1
19548	0
19549	1
19550	1
19551	0
19552	1
19553	1
19554	1
19555	1
19556	1
19557	0
19558	1
19559	1
19560	0
19561	1
19562	1
19563	1
19564	1
19565	0
19566	1
19567	0
19568	0
19569	0
19570	1
19571	1
19572	1
19573	1
19574	1
19575	0
19576	1
19577	1
19578	0
19579	0
19580	1
19581	1
19582	1
19583	1
19584	1
19585	0
19586	1
19587	0
19588	1
19589	1
19590	1
19591	0
19592	1
19593	1
19594	1
19595	1
19596	1
19597	1
19598	0
19599	1
19600	1
19601	1
19602	1
19603	0
19604	0
19605	1
19606	1
19607	1
19608	1
19609	1
19610	1
19611	0
19612	1
19613	0
19614	1
19615	0
19616	1
19617	1
19618	1
19619	1
19620	1
19621	1
19622	0
19623	0
19624	1
19625	0
19626	0
19627	1
19628	1
19629	0
19630	0
19631	0
19632	1
19633	1
19634	1
19635	1
19636	1
19637	1
19638	1
19639	1
19640	1
19641	1
19642	0
19643	1
19644	1
19645	1
19646	0
19647	1
19648	0
19649	1
19650	0
19651	1
19652	1
19653	1
19654	1
19655	1
19656	1
19657	0
19658	1
19659	0
19660	1
19661	1
19662	1
19663	0
19664	0
19665	1
19666	0
19667	1
19668	1
19669	1
19670	0
19671	1
19672	0
19673	1
19674	1
19675	1
19676	1
19677	1
19678	1
19679	1
19680	1
19681	0
19682	0
19683	0
19684	1
19685	0
19686	1
19687	0
19688	1
19689	1
19690	0
19691	1
19692	1
19693	1
19694	1
19695	0
19696	1
19697	0
19698	1
19699	1
19700	1
19701	0
19702	1
19703	0
19704	1
19705	0
19706	0
19707	0
19708	1
19709	0
19710	0
19711	0
19712	1
19713	1
19714	1
19715	1
19716	1
19717	1
19718	1
19719	1
19720	0
19721	1
19722	1
19723	0
19724	1
19725	1
19726	0
19727	0
19728	1
19729	1
19730	1
19731	1
19732	1
19733	1
19734	0
19735	1
19736	0
19737	0
19738	0
19739	1
19740	1
19741	1
19742	1
19743	1
19744	0
19745	1
19746	0
19747	1
19748	1
19749	1
19750	1
19751	1
19752	0
19753	1
19754	1
19755	1
19756	0
19757	1
19758	1
19759	1
19760	0
19761	0
19762	1
19763	1
19764	1
19765	1
19766	1
19767	0
19768	1
19769	0
19770	0
19771	0
19772	1
19773	0
19774	1
19775	0
19776	1
19777	0
19778	1
19779	1
19780	1
19781	1
19782	0
19783	1
19784	1
19785	1
19786	1
19787	1
19788	1
19789	0
19790	0
19791	0
19792	1
19793	0
19794	1
19795	1
19796	1
19797	1
19798	1
19799	1
19800	1
19801	1
19802	1
19803	1
19804	0
19805	0
19806	1
19807	0
19808	1
19809	1
19810	0
19811	1
19812	1
19813	1
19814	0
19815	1
19816	0
19817	1
19818	1
19819	0
19820	1
19821	0
19822	1
19823	1
19824	0
19825	1
19826	0
19827	1
19828	1
19829	1
19830	1
19831	0
19832	0
19833	1
19834	0
19835	0
19836	1
19837	1
19838	0
19839	1
19840	1
19841	1
19842	1
19843	1
19844	1
19845	0
19846	0
19847	0
19848	1
19849	0
19850	1
19851	0
19852	1
19853	1
19854	0
19855	0
19856	1
19857	1
19858	1
19859	0
19860	1
19861	1
19862	1
19863	1
19864	1
19865	1
19866	0
19867	1
19868	1
19869	1
19870	0
19871	1
19872	1
19873	1
19874	0
19875	0
19876	0
19877	1
19878	1
19879	1
19880	1
19881	1
19882	1
19883	1
19884	0
19885	1
19886	1
19887	1
19888	0
19889	0
19890	0
19891	0
19892	1
19893	1
19894	1
19895	1
19896	1
19897	1
19898	0
19899	0
19900	0
19901	1
19902	0
19903	0
19904	1
19905	0
19906	1
19907	1
19908	0
19909	1
19910	1
19911	1
19912	1
19913	1
19914	1
19915	1
19916	0
19917	1
19918	1
19919	0
19920	0
19921	1
19922	1
19923	0
19924	1
19925	1
19926	1
19927	1
19928	1
19929	1
19930	1
19931	1
19932	1
19933	1
19934	1
19935	1
19936	0
19937	0
19938	1
19939	1
19940	1
19941	1
19942	1
19943	1
19944	0
19945	0
19946	1
19947	1
19948	0
19949	0
19950	1
19951	0
19952	0
19953	1
19954	0
19955	0
19956	1
19957	0
19958	1
19959	1
19960	1
19961	0
19962	1
19963	1
19964	1
19965	1
19966	0
19967	0
19968	0
19969	0
19970	1
19971	0
19972	0
19973	0
19974	1
19975	1
19976	0
19977	1
19978	1
19979	0
19980	0
19981	0
19982	1
19983	1
19984	1
19985	0
19986	1
19987	1
19988	1
19989	0
19990	1
19991	1
19992	0
19993	1
19994	1
19995	0
19996	1
19997	1
19998	1
19999	1
20000	1
20001	1
20002	1
20003	1
20004	1
20005	1
20006	0
20007	1
20008	1
20009	1
20010	1
20011	1
20012	0
20013	1
20014	1
20015	1
20016	1
20017	0
20018	1
20019	0
20020	1
20021	1
20022	1
20023	0
20024	1
20025	1
20026	1
20027	1
20028	1
20029	1
20030	0
20031	1
20032	0
20033	1
20034	0
20035	1
20036	1
20037	1
20038	1
20039	0
20040	1
20041	0
20042	1
20043	1
20044	1
20045	1
20046	1
20047	1
20048	1
20049	0
20050	1
20051	1
20052	1
20053	1
20054	1
20055	0
20056	1
20057	0
20058	1
20059	1
20060	0
20061	1
20062	1
20063	1
20064	1
20065	1
20066	1
20067	1
20068	1
20069	1
20070	0
20071	1
20072	1
20073	1
20074	0
20075	1
20076	1
20077	1
20078	1
20079	1
20080	1
20081	1
20082	1
20083	1
20084	1
20085	1
20086	1
20087	1
20088	0
20089	1
20090	1
20091	1
20092	1
20093	0
20094	1
20095	0
20096	1
20097	1
20098	0
20099	1
20100	1
20101	1
20102	0
20103	1
20104	1
20105	1
20106	0
20107	1
20108	1
20109	1
20110	1
20111	1
20112	1
20113	0
20114	1
20115	1
20116	0
20117	1
20118	1
20119	0
20120	1
20121	1
20122	1
20123	1
20124	0
20125	1
20126	1
20127	1
20128	1
20129	1
20130	1
20131	1
20132	0
20133	0
20134	0
20135	1
20136	1
20137	1
20138	1
20139	1
20140	1
20141	1
20142	0
20143	0
20144	1
20145	0
20146	0
20147	0
20148	1
20149	1
20150	0
20151	1
20152	1
20153	1
20154	0
20155	0
20156	1
20157	0
20158	0
20159	1
20160	1
20161	1
20162	1
20163	0
20164	0
20165	1
20166	1
20167	0
20168	1
20169	1
20170	0
20171	1
20172	0
20173	1
20174	0
20175	0
20176	0
20177	1
20178	0
20179	0
20180	1
20181	0
20182	1
20183	1
20184	1
20185	1
20186	0
20187	1
20188	1
20189	1
20190	1
20191	1
20192	0
20193	1
20194	1
20195	1
20196	1
20197	1
20198	1
20199	1
20200	1
20201	0
20202	1
20203	1
20204	1
20205	1
20206	1
20207	0
20208	0
20209	1
20210	1
20211	1
20212	0
20213	1
20214	1
20215	0
20216	1
20217	1
20218	0
20219	1
20220	1
20221	1
20222	0
20223	0
20224	0
20225	1
20226	0
20227	0
20228	1
20229	1
20230	0
20231	0
20232	0
20233	1
20234	1
20235	1
20236	0
20237	1
20238	1
20239	1
20240	0
20241	0
20242	1
20243	1
20244	0
20245	1
20246	1
20247	1
20248	1
20249	1
20250	1
20251	0
20252	1
20253	1
20254	0
20255	0
20256	1
20257	1
20258	1
20259	1
20260	1
20261	0
20262	0
20263	1
20264	1
20265	0
20266	1
20267	1
20268	1
20269	1
20270	0
20271	0
20272	0
20273	0
20274	1
20275	0
20276	1
20277	0
20278	1
20279	1
20280	0
20281	1
20282	1
20283	1
20284	0
20285	1
20286	0
20287	1
20288	1
20289	0
20290	0
20291	1
20292	0
20293	1
20294	1
20295	1
20296	1
20297	1
20298	0
20299	1
20300	1
20301	1
20302	0
20303	0
20304	1
20305	0
20306	1
20307	1
20308	1
20309	0
20310	0
20311	0
20312	0
20313	1
20314	1
20315	0
20316	0
20317	1
20318	1
20319	0
20320	0
20321	1
20322	1
20323	0
20324	0
20325	0
20326	0
20327	0
20328	1
20329	1
20330	0
20331	0
20332	1
20333	0
20334	1
20335	1
20336	1
20337	1
20338	0
20339	1
20340	0
20341	0
20342	1
20343	1
20344	1
20345	1
20346	0
20347	1
20348	1
20349	1
20350	1
20351	1
20352	1
20353	0
20354	1
20355	1
20356	0
20357	1
20358	1
20359	0
20360	0
20361	0
20362	1
20363	0
20364	0
20365	1
20366	1
20367	1
20368	1
20369	1
20370	0
20371	1
20372	1
20373	1
20374	1
20375	1
20376	1
20377	0
20378	1
20379	1
20380	1
20381	1
20382	1
20383	0
20384	0
20385	0
20386	1
20387	1
20388	0
20389	1
20390	1
20391	1
20392	1
20393	0
20394	0
20395	1
20396	1
20397	1
20398	0
20399	0
20400	0
20401	1
20402	1
20403	0
20404	1
20405	1
20406	1
20407	0
20408	1
20409	1
20410	1
20411	0
20412	0
20413	0
20414	1
20415	1
20416	0
20417	1
20418	1
20419	1
20420	1
20421	1
20422	0
20423	1
20424	0
20425	1
20426	1
20427	1
20428	0
20429	1
20430	1
20431	0
20432	0
20433	0
20434	1
20435	1
20436	1
20437	1
20438	1
20439	1
20440	1
20441	1
20442	1
20443	1
20444	0
20445	1
20446	1
20447	1
20448	0
20449	0
20450	1
20451	0
20452	1
20453	1
20454	1
20455	1
20456	1
20457	0
20458	0
20459	1
20460	1
20461	1
20462	0
20463	1
20464	0
20465	0
20466	1
20467	0
20468	0
20469	1
20470	1
20471	0
20472	1
20473	0
20474	1
20475	1
20476	1
20477	0
20478	1
20479	0
20480	1
20481	1
20482	1
20483	0
20484	1
20485	0
20486	1
20487	0
20488	1
20489	1
20490	1
20491	1
20492	1
20493	1
20494	0
20495	1
20496	1
20497	0
20498	1
20499	1
20500	0
20501	0
20502	0
20503	1
20504	0
20505	0
20506	0
20507	0
20508	1
20509	1
20510	0
20511	1
20512	1
20513	0
20514	0
20515	1
20516	0
20517	1
20518	1
20519	1
20520	1
20521	0
20522	0
20523	1
20524	1
20525	0
20526	1
20527	1
20528	0
20529	0
20530	1
20531	1
20532	0
20533	0
20534	1
20535	1
20536	1
20537	1
20538	1
20539	1
20540	1
20541	1
20542	0
20543	1
20544	0
20545	1
20546	1
20547	1
20548	1
20549	0
20550	1
20551	1
20552	1
20553	0
20554	1
20555	1
20556	1
20557	0
20558	1
20559	0
20560	1
20561	1
20562	1
20563	1
20564	1
20565	1
20566	1
20567	0
20568	1
20569	1
20570	1
20571	1
20572	0
20573	1
20574	1
20575	0
20576	0
20577	1
20578	1
20579	0
20580	1
20581	1
20582	0
20583	0
20584	1
20585	1
20586	0
20587	1
20588	1
20589	1
20590	1
20591	1
20592	1
20593	1
20594	1
20595	1
20596	0
20597	0
20598	0
20599	1
20600	0
20601	1
20602	1
20603	1
20604	1
20605	1
20606	1
20607	1
20608	0
20609	1
20610	1
20611	0
20612	1
20613	0
20614	1
20615	0
20616	1
20617	1
20618	0
20619	0
20620	0
20621	1
20622	1
20623	1
20624	1
20625	1
20626	1
20627	1
20628	1
20629	1
20630	1
20631	0
20632	1
20633	1
20634	1
20635	1
20636	1
20637	1
20638	1
20639	1
20640	1
20641	1
20642	1
20643	1
20644	1
20645	0
20646	1
20647	0
20648	1
20649	1
20650	1
20651	1
20652	1
20653	1
20654	1
20655	1
20656	0
20657	1
20658	1
20659	1
20660	1
20661	0
20662	1
20663	0
20664	1
20665	1
20666	1
20667	1
20668	1
20669	1
20670	1
20671	1
20672	1
20673	0
20674	0
20675	1
20676	0
20677	1
20678	1
20679	0
20680	1
20681	0
20682	1
20683	0
20684	0
20685	1
20686	1
20687	1
20688	0
20689	0
20690	1
20691	0
20692	1
20693	0
20694	1
20695	1
20696	0
20697	1
20698	1
20699	0
20700	1
20701	1
20702	1
20703	0
20704	1
20705	1
20706	1
20707	1
20708	1
20709	1
20710	0
20711	0
20712	0
20713	1
20714	1
20715	1
20716	1
20717	1
20718	0
20719	0
20720	1
20721	0
20722	1
20723	0
20724	1
20725	1
20726	1
20727	1
20728	0
20729	1
20730	0
20731	1
20732	0
20733	1
20734	1
20735	0
20736	1
20737	1
20738	1
20739	1
20740	0
20741	1
20742	0
20743	0
20744	0
20745	1
20746	1
20747	1
20748	1
20749	0
20750	1
20751	1
20752	1
20753	1
20754	1
20755	0
20756	1
20757	0
20758	1
20759	0
20760	1
20761	0
20762	1
20763	1
20764	1
20765	1
20766	1
20767	1
20768	1
20769	1
20770	1
20771	0
20772	0
20773	1
20774	0
20775	0
20776	1
20777	0
20778	1
20779	1
20780	0
20781	0
20782	0
20783	0
20784	1
20785	1
20786	0
20787	0
20788	1
20789	1
20790	1
20791	1
20792	1
20793	1
20794	1
20795	0
20796	1
20797	1
20798	1
20799	0
20800	0
20801	1
20802	1
20803	0
20804	1
20805	1
20806	1
20807	0
20808	0
20809	1
20810	1
20811	0
20812	1
20813	0
20814	1
20815	0
20816	0
20817	0
20818	0
20819	1
20820	0
20821	0
20822	1
20823	1
20824	0
20825	0
20826	1
20827	1
20828	0
20829	0
20830	1
20831	0
20832	1
20833	1
20834	1
20835	0
20836	0
20837	1
20838	0
20839	0
20840	1
20841	1
20842	1
20843	1
20844	1
20845	0
20846	1
20847	0
20848	1
20849	1
20850	1
20851	0
20852	0
20853	0
20854	0
20855	0
20856	1
20857	0
20858	1
20859	1
20860	1
20861	0
20862	1
20863	0
20864	0
20865	1
20866	1
20867	1
20868	1
20869	0
20870	1
20871	1
20872	0
20873	0
20874	1
20875	1
20876	0
20877	0
20878	1
20879	1
20880	0
20881	1
20882	0
20883	1
20884	0
20885	1
20886	0
20887	0
20888	0
20889	1
20890	0
20891	1
20892	1
20893	1
20894	1
20895	1
20896	0
20897	1
20898	1
20899	1
20900	1
20901	1
20902	0
20903	0
20904	0
20905	0
20906	0
20907	1
20908	0
20909	1
20910	0
20911	1
20912	1
20913	1
20914	1
20915	1
20916	0
20917	1
20918	0
20919	0
20920	0
20921	0
20922	1
20923	1
20924	1
20925	0
20926	0
20927	0
20928	1
20929	0
20930	1
20931	1
20932	1
20933	1
20934	1
20935	1
20936	1
20937	1
20938	1
20939	0
20940	1
20941	0
20942	0
20943	0
20944	1
20945	1
20946	0
20947	1
20948	1
20949	0
20950	0
20951	1
20952	1
20953	0
20954	0
20955	1
20956	1
20957	1
20958	1
20959	1
20960	1
20961	1
20962	0
20963	1
20964	0
20965	0
20966	0
20967	0
20968	0
20969	1
20970	1
20971	0
20972	1
20973	0
20974	0
20975	1
20976	1
20977	0
20978	1
20979	0
20980	1
20981	0
20982	1
20983	1
20984	0
20985	1
20986	0
20987	0
20988	0
20989	0
20990	0
20991	0
20992	0
20993	0
20994	1
20995	1
20996	1
20997	0
20998	1
20999	1
21000	0
21001	0
21002	0
21003	1
21004	1
21005	0
21006	1
21007	1
21008	1
21009	0
21010	1
21011	1
21012	1
21013	1
21014	0
21015	1
21016	1
21017	1
21018	1
21019	1
21020	1
21021	0
21022	0
21023	1
21024	1
21025	0
21026	1
21027	0
21028	1
21029	0
21030	0
21031	0
21032	1
21033	1
21034	0
21035	0
21036	1
21037	0
21038	1
21039	0
21040	1
21041	1
21042	1
21043	1
21044	1
21045	1
21046	1
21047	1
21048	0
21049	1
21050	0
21051	1
21052	0
21053	1
21054	1
21055	0
21056	1
21057	1
21058	1
21059	1
21060	0
21061	1
21062	1
21063	1
21064	1
21065	1
21066	1
21067	1
21068	1
21069	0
21070	1
21071	1
21072	1
21073	0
21074	1
21075	0
21076	0
21077	1
21078	1
21079	1
21080	1
21081	1
21082	1
21083	1
21084	1
21085	1
21086	1
21087	1
21088	1
21089	1
21090	1
21091	1
21092	0
21093	1
21094	1
21095	1
21096	0
21097	1
21098	0
21099	1
21100	0
21101	1
21102	1
21103	1
21104	1
21105	0
21106	1
21107	1
21108	0
21109	1
21110	1
21111	0
21112	1
21113	1
21114	1
21115	1
21116	1
21117	1
21118	1
21119	1
21120	0
21121	1
21122	0
21123	1
21124	1
21125	1
21126	1
21127	0
21128	1
21129	1
21130	0
21131	1
21132	1
21133	1
21134	1
21135	1
21136	1
21137	0
21138	1
21139	1
21140	1
21141	0
21142	0
21143	1
21144	1
21145	1
21146	0
21147	1
21148	0
21149	0
21150	0
21151	0
21152	0
21153	0
21154	0
21155	0
21156	1
21157	1
21158	0
21159	1
21160	1
21161	1
21162	1
21163	1
21164	0
21165	1
21166	0
21167	1
21168	0
21169	1
21170	0
21171	1
21172	0
21173	0
21174	1
21175	0
21176	0
21177	0
21178	0
21179	1
21180	0
21181	0
21182	1
21183	1
21184	1
21185	1
21186	1
21187	1
21188	1
21189	1
21190	1
21191	1
21192	1
21193	0
21194	1
21195	1
21196	0
21197	0
21198	1
21199	1
21200	1
