predicted_label,prediction_0_weight,prediction_1_weight
1,8.477797e-07,0.99999917
1,1.8372145e-06,0.9999982
0,0.99962974,0.00037028157
1,1.4435975e-06,0.99999857
1,1.0186333e-06,0.9999989
1,1.5638705e-06,0.99999845
1,0.0008590176,0.999141
1,3.3153838e-06,0.99999666
1,1.4685126e-06,0.99999857
1,1.3010872e-06,0.9999987
0,0.9985593,0.0014406821
1,8.687868e-07,0.99999917
1,1.5918644e-06,0.99999845
0,0.9999964,3.5694768e-06
1,7.540751e-06,0.9999925
1,1.5153967e-06,0.99999845
1,1.1315541e-06,0.9999989
1,1.5205126e-06,0.99999845
1,8.989769e-07,0.99999905
0,0.99999905,8.9788966e-07
1,9.1033485e-07,0.99999905
1,8.592434e-07,0.99999917
0,0.9999993,6.6096595e-07
1,9.028337e-07,0.99999905
1,1.0163733e-06,0.9999989
1,8.117902e-07,0.99999917
1,7.872403e-07,0.99999917
1,1.281864e-06,0.9999987
1,9.633519e-07,0.99999905
1,3.2254834e-06,0.9999968
1,7.610153e-07,0.9999993
0,0.99999714,2.8723425e-06
0,0.99999297,7.050629e-06
1,7.3891727e-07,0.9999993
1,7.1753203e-07,0.9999993
0,0.99999833,1.6555027e-06
1,8.813698e-07,0.99999917
1,1.900999e-06,0.9999981
0,0.9999994,5.710798e-07
1,8.064966e-07,0.99999917
1,9.3514376e-07,0.99999905
1,1.1510034e-06,0.9999988
1,1.4723253e-06,0.99999857
1,1.2749877e-06,0.9999987
0,0.99999607,3.9387355e-06
0,0.9999988,1.2057213e-06
1,1.1597588e-06,0.9999988
1,2.1548512e-06,0.99999785
1,5.774524e-06,0.9999943
1,1.1627145e-06,0.9999988
0,0.99999917,8.189425e-07
0,0.9999994,5.3931353e-07
0,0.99999845,1.5806638e-06
0,0.9999989,1.0192902e-06
1,2.1919898e-06,0.99999785
1,9.849095e-07,0.99999905
0,0.9999455,5.4528304e-05
0,0.99999523,4.726064e-06
0,0.9999958,4.2203856e-06
1,1.0582287e-06,0.9999989
0,0.99999917,8.259868e-07
1,1.0012509e-05,0.99999
1,9.724032e-07,0.99999905
1,1.1842741e-06,0.9999988
1,1.5086625e-06,0.99999845
1,2.1239698e-06,0.99999785
1,9.493848e-07,0.99999905
0,0.99999905,8.986863e-07
0,0.9999987,1.3046593e-06
0,0.9999993,6.967849e-07
0,0.9999989,1.0455898e-06
1,1.5088726e-06,0.99999845
1,8.816472e-07,0.99999917
1,9.0445906e-07,0.99999905
1,8.5919595e-07,0.99999917
0,0.9982899,0.0017100842
0,0.99999785,2.0942136e-06
1,1.0665051e-06,0.9999989
1,1.3650448e-06,0.9999987
1,8.3174695e-07,0.99999917
1,8.120999e-07,0.99999917
1,1.1131486e-06,0.9999989
1,1.6166225e-06,0.99999833
1,9.630864e-07,0.99999905
0,0.99999917,7.975417e-07
1,1.0349024e-06,0.9999989
1,1.6524695e-06,0.99999833
0,0.9998265,0.00017352162
1,9.928738e-07,0.99999905
1,8.2497684e-07,0.99999917
1,7.9210383e-07,0.99999917
1,1.3099493e-06,0.9999987
1,1.0520462e-06,0.9999989
1,1.1861118e-06,0.9999988
1,9.993563e-07,0.99999905
1,1.7395994e-05,0.9999826
1,1.2835852e-06,0.9999987
1,9.390689e-07,0.99999905
1,1.6727296e-06,0.99999833
1,7.4293854e-07,0.9999993
1,6.253836e-06,0.9999938
1,0.0044550193,0.9955449
0,0.99999535,4.6494583e-06
1,9.100562e-07,0.99999905
0,0.9999944,5.566801e-06
1,1.0359423e-06,0.9999989
1,7.77058e-07,0.99999917
0,0.9999993,7.184139e-07
0,0.9999987,1.266896e-06
1,8.615886e-07,0.99999917
1,0.00164407,0.9983559
0,0.9999993,7.185208e-07
1,1.2496764e-06,0.9999988
1,9.764967e-07,0.99999905
1,1.1172241e-06,0.9999989
0,0.99999917,8.3283436e-07
0,0.99999845,1.5306709e-06
1,1.5163218e-06,0.99999845
0,0.9999994,5.88886e-07
1,7.747643e-06,0.99999225
1,8.1977544e-07,0.99999917
1,1.3860439e-06,0.99999857
0,0.9999994,6.032047e-07
1,1.2930196e-06,0.9999987
0,0.99999905,9.812063e-07
0,0.9999994,6.092183e-07
1,8.8589337e-07,0.99999917
1,8.2909554e-07,0.99999917
0,0.9999957,4.282581e-06
1,2.0746063e-06,0.999998
1,1.0691457e-06,0.9999989
1,7.7484697e-07,0.9999993
1,8.443102e-07,0.99999917
1,1.0607405e-06,0.9999989
1,1.1611952e-06,0.9999988
1,5.2967252e-06,0.99999475
1,7.9994726e-07,0.99999917
1,1.1925814e-06,0.9999988
1,1.1540436e-06,0.9999988
1,1.0589333e-06,0.9999989
0,0.99999523,4.7952726e-06
0,0.9999988,1.2114971e-06
0,0.9999969,3.070212e-06
0,0.9999987,1.3170092e-06
1,0.0002861753,0.99971384
1,9.647033e-07,0.99999905
0,0.9999987,1.2536884e-06
1,1.5876481e-06,0.99999845
0,0.9999989,1.070517e-06
1,8.5962705e-07,0.99999917
0,0.99999535,4.6345485e-06
0,0.9999989,1.0655016e-06
1,8.940378e-06,0.99999106
1,9.36512e-07,0.99999905
1,2.1603657e-06,0.99999785
1,8.0604605e-07,0.99999917
1,9.783853e-07,0.99999905
1,1.6171359e-06,0.99999833
0,0.9999994,6.0609597e-07
1,9.0605613e-07,0.99999905
0,0.99999905,1.0079833e-06
1,1.4597842e-06,0.99999857
0,0.99999857,1.3914793e-06
1,1.7629086e-06,0.9999982
1,1.6845246e-06,0.99999833
1,1.1062635e-06,0.9999989
0,0.9999993,6.771031e-07
1,4.8088377e-06,0.99999523
1,2.934869e-06,0.999997
1,1.211325e-06,0.9999988
0,0.99862206,0.0013779077
0,0.99999297,7.0876135e-06
1,1.1443882e-06,0.9999988
1,1.0027818e-06,0.99999905
1,2.3808002e-06,0.9999976
0,0.99997723,2.2805369e-05
0,0.99996054,3.942694e-05
0,0.9946601,0.0053399373
1,8.7993027e-07,0.99999917
0,0.9999912,8.852846e-06
0,0.9999994,6.1680953e-07
1,2.0594687e-06,0.999998
0,0.9999993,7.423988e-07
1,8.5296176e-07,0.99999917
1,1.5783622e-06,0.99999845
1,9.4953236e-07,0.99999905
1,1.4955538e-06,0.99999845
1,1.6069405e-06,0.99999845
1,8.72237e-07,0.99999917
0,0.9999993,6.8019745e-07
1,1.1025561e-06,0.9999989
1,8.6756637e-07,0.99999917
1,1.1021029e-06,0.9999989
1,1.0185294e-06,0.9999989
1,8.838596e-07,0.99999917
0,0.99999917,7.998893e-07
1,1.2464604e-06,0.9999988
1,1.0692894e-06,0.9999989
0,0.99999845,1.5684379e-06
1,1.0276275e-06,0.9999989
1,1.078481e-06,0.9999989
1,9.699089e-07,0.99999905
0,0.999997,2.9654598e-06
0,0.9999994,5.73688e-07
0,0.9999994,6.140468e-07
0,0.99998677,1.3180483e-05
0,0.9999993,6.639644e-07
1,1.0637187e-06,0.9999989
1,4.977665e-06,0.999995
1,9.4023926e-07,0.99999905
0,0.99999666,3.31356e-06
1,1.0532037e-06,0.9999989
1,1.007374e-06,0.99999905
0,0.99999845,1.5433794e-06
1,2.3217601e-06,0.99999774
1,1.3882108e-06,0.99999857
1,1.3554944e-06,0.9999987
1,1.4113651e-05,0.99998593
1,1.1125162e-06,0.9999989
0,0.9999993,7.6534445e-07
0,0.99999905,9.048956e-07
1,1.0384379e-06,0.9999989
0,0.9999994,6.461451e-07
1,8.896066e-07,0.99999917
1,8.548921e-05,0.9999145
1,8.9046904e-07,0.99999917
1,1.1604203e-06,0.9999988
0,0.999998,2.0295304e-06
1,2.0600642e-06,0.999998
1,2.5893144e-06,0.9999974
0,0.9999993,7.165384e-07
0,0.55759573,0.44240427
0,0.9999993,7.596651e-07
1,9.4267244e-07,0.99999905
1,9.845e-07,0.99999905
0,0.99999917,8.854964e-07
0,0.99999917,8.7916027e-07
1,1.5514576e-06,0.99999845
0,0.9999981,1.9210152e-06
1,1.080235e-06,0.9999989
0,0.99999726,2.7293058e-06
0,0.9999994,5.830058e-07
0,0.9999987,1.3159307e-06
0,0.99999166,8.328079e-06
0,0.9999994,5.55748e-07
1,1.3589788e-06,0.9999987
1,1.2758951e-06,0.9999987
1,5.6507406e-06,0.9999944
1,1.1270856e-06,0.9999989
0,0.9999993,7.399687e-07
1,1.3055668e-06,0.9999987
0,0.9999994,5.6054387e-07
1,1.1908337e-06,0.9999988
1,1.0996316e-06,0.9999989
0,0.99999774,2.3168566e-06
1,3.746209e-06,0.9999963
1,1.520053e-06,0.99999845
1,8.395665e-07,0.99999917
0,0.9999993,6.752711e-07
0,0.99999785,2.0951088e-06
1,1.2590646e-06,0.9999987
0,0.9999968,3.2754842e-06
1,5.5187525e-06,0.9999945
1,9.4307165e-07,0.99999905
1,1.1985791e-05,0.99998796
1,8.838731e-07,0.99999917
1,8.806371e-07,0.99999917
1,1.8680888e-06,0.9999981
1,2.7939975e-06,0.99999726
1,9.2195677e-07,0.99999905
0,0.99999845,1.6016284e-06
1,3.510895e-06,0.99999654
0,0.99999595,4.077775e-06
1,1.6196735e-06,0.99999833
0,0.9999994,5.373001e-07
1,8.7392556e-07,0.99999917
1,8.6469925e-07,0.99999917
1,9.948405e-07,0.99999905
0,0.9999987,1.2590693e-06
1,9.078977e-07,0.99999905
0,0.9999994,5.9857905e-07
1,1.1655911e-06,0.9999988
0,0.9999989,1.0875991e-06
0,0.99999905,9.750208e-07
0,0.9999993,7.454104e-07
1,4.4132516e-06,0.9999956
1,0.006047634,0.99395233
1,2.838943e-05,0.9999716
0,0.99999845,1.5549992e-06
1,3.0580206e-06,0.9999969
0,0.99999833,1.696416e-06
1,8.5204636e-07,0.99999917
0,0.99997926,2.0769834e-05
0,0.99999833,1.6445349e-06
0,0.56561613,0.4343838
0,0.9999964,3.6235135e-06
0,0.99999905,9.200016e-07
1,1.5392225e-06,0.99999845
0,0.9999989,1.1310406e-06
1,1.5062761e-06,0.99999845
1,8.745943e-07,0.99999917
0,0.99999785,2.16246e-06
1,1.1925716e-05,0.9999881
1,0.00011310509,0.9998869
1,2.6810283e-06,0.9999974
1,1.0752751e-05,0.9999893
0,0.99999905,9.5260265e-07
1,8.798959e-07,0.99999917
1,5.209932e-05,0.9999479
1,1.2350501e-06,0.9999988
1,1.0461413e-06,0.9999989
1,9.848391e-07,0.99999905
1,3.7495188e-06,0.9999963
1,1.2158526e-06,0.9999988
0,0.9999994,6.4539375e-07
1,8.340187e-07,0.99999917
1,1.5741756e-06,0.99999845
1,1.1083946e-06,0.9999989
1,1.1899039e-06,0.9999988
1,1.9067057e-06,0.9999981
0,0.9999975,2.5035995e-06
1,2.7025992e-06,0.99999726
1,3.3669194e-06,0.99999666
1,1.1926986e-06,0.9999988
1,9.800802e-07,0.99999905
0,0.9999994,6.42858e-07
1,1.0014562e-06,0.99999905
0,0.9999994,5.821546e-07
0,0.99999917,8.8816216e-07
1,1.3005563e-06,0.9999987
0,0.9999989,1.0463469e-06
0,0.99999905,9.235372e-07
0,0.9999975,2.5315076e-06
1,7.664342e-07,0.9999993
1,0.49521592,0.5047841
0,0.99999917,8.356396e-07
1,8.918033e-07,0.99999917
1,1.1124081e-06,0.9999989
1,1.001271e-06,0.99999905
0,0.99999654,3.424963e-06
1,8.907468e-07,0.99999917
1,3.6794731e-06,0.9999963
1,8.3547866e-07,0.99999917
1,9.661654e-07,0.99999905
0,0.9999989,1.0640607e-06
1,1.8017586e-06,0.9999982
1,1.3359972e-06,0.9999987
1,4.887603e-06,0.9999951
1,1.277127e-06,0.9999987
0,0.9999988,1.137991e-06
0,0.9999993,7.239753e-07
1,2.8219056e-06,0.99999714
1,1.3994241e-06,0.99999857
0,0.95572186,0.044278093
1,9.974159e-07,0.99999905
0,0.999995,4.947952e-06
0,0.9999994,5.599951e-07
1,1.0652496e-06,0.9999989
1,1.1167702e-06,0.9999989
1,9.75072e-07,0.99999905
1,0.00027228516,0.99972767
1,7.923055e-07,0.99999917
1,9.415978e-07,0.99999905
1,8.773996e-07,0.99999917
1,1.6280918e-06,0.99999833
0,0.9999993,6.789214e-07
1,1.1085277e-06,0.9999989
1,2.672378e-05,0.9999733
1,9.138717e-07,0.99999905
1,1.4989936e-06,0.99999845
1,8.7538035e-07,0.99999917
1,1.0385754e-06,0.9999989
1,9.451957e-07,0.99999905
1,1.8579032e-06,0.9999981
1,1.4711941e-06,0.99999857
0,0.5029313,0.4970687
1,9.99852e-07,0.99999905
1,7.7420066e-07,0.9999993
1,1.3978761e-05,0.99998605
1,1.8980191e-06,0.9999981
0,0.99999905,9.149103e-07
0,0.99999905,9.863965e-07
1,1.2669487e-05,0.99998736
1,8.901948e-07,0.99999917
0,0.9999987,1.2886372e-06
1,1.928475e-06,0.9999981
1,1.0395694e-06,0.9999989
1,1.6361859e-06,0.99999833
0,0.99999857,1.3841391e-06
1,1.7746066e-06,0.9999982
1,2.102354e-06,0.99999785
0,0.99999917,8.2325715e-07
0,0.9999994,5.8583316e-07
1,9.581101e-07,0.99999905
0,0.99851626,0.0014836907
0,0.99999,9.956197e-06
0,0.9999994,5.5799387e-07
1,1.0103855e-06,0.99999905
0,0.9999993,7.414394e-07
0,0.99999917,8.92227e-07
1,1.1357652e-06,0.9999988
0,0.9999994,5.4358384e-07
1,7.935063e-07,0.99999917
0,0.999884,0.00011601335
1,1.0827537e-06,0.9999989
0,0.9999989,1.1304993e-06
1,1.9912895e-06,0.999998
1,6.1685046e-06,0.9999938
1,9.778788e-07,0.99999905
1,9.2448005e-07,0.99999905
1,9.373081e-07,0.99999905
0,0.9999993,7.466875e-07
0,0.99999917,8.809092e-07
0,0.99995816,4.1845367e-05
0,0.9999994,5.544383e-07
1,1.3490643e-06,0.9999987
1,8.4694574e-07,0.99999917
0,0.9999989,1.1191349e-06
1,0.065174304,0.9348257
1,1.1748382e-06,0.9999988
1,1.0020619e-06,0.99999905
0,0.99999917,8.352341e-07
1,1.3860094e-06,0.99999857
1,2.55055e-06,0.9999975
1,6.0362463e-06,0.9999939
0,0.99999905,9.891501e-07
1,8.266432e-07,0.99999917
1,3.9437873e-06,0.99999607
1,7.6430723e-07,0.9999993
0,0.99998367,1.6390675e-05
0,0.9999988,1.2303138e-06
1,1.1109969e-06,0.9999989
1,7.687016e-06,0.9999924
1,1.0051572e-06,0.99999905
1,1.6675325e-06,0.99999833
1,1.1309737e-06,0.9999989
1,8.7895904e-07,0.99999917
0,0.99999547,4.5376673e-06
1,1.0184322e-06,0.9999989
1,9.188013e-07,0.99999905
1,1.1750332e-06,0.9999988
1,1.1682754e-06,0.9999988
1,8.3347476e-07,0.99999917
1,2.1747778e-06,0.99999785
1,1.7035495e-06,0.99999833
1,9.629074e-07,0.99999905
1,1.2079312e-06,0.9999988
1,9.41508e-07,0.99999905
1,7.689439e-07,0.9999993
1,2.5823108e-06,0.9999974
1,2.42612e-05,0.9999757
1,3.3017152e-06,0.99999666
0,0.9999994,5.798341e-07
1,8.783775e-07,0.99999917
1,7.9185304e-07,0.99999917
1,8.473311e-05,0.99991524
1,4.3748973e-05,0.99995625
1,5.1880874e-05,0.99994814
1,3.2307355e-06,0.9999968
0,0.99999917,8.031272e-07
1,8.4897636e-07,0.99999917
1,4.7583094e-06,0.99999523
1,1.3084336e-06,0.9999987
1,1.1981607e-06,0.9999988
1,1.3620175e-06,0.9999987
1,0.00022095663,0.99977905
0,0.999998,1.9891675e-06
1,6.3803072e-06,0.99999356
0,0.9999975,2.5104112e-06
0,0.9651721,0.03482788
1,1.9246113e-06,0.9999981
1,0.18212385,0.81787616
0,0.9999889,1.106408e-05
1,2.0063371e-06,0.999998
0,0.9999993,7.5554976e-07
1,1.0363434e-06,0.9999989
1,9.0172375e-07,0.99999905
1,1.5253856e-05,0.99998474
1,1.9960692e-06,0.999998
1,8.3573366e-07,0.99999917
1,1.0772034e-06,0.9999989
0,0.9999993,6.64885e-07
0,0.9999993,7.7152e-07
1,3.4399916e-05,0.99996555
1,1.2668102e-06,0.9999987
1,9.841106e-07,0.99999905
1,5.724658e-05,0.9999428
1,1.2656617e-06,0.9999987
0,0.99999833,1.6638742e-06
1,6.3797106e-06,0.99999356
1,2.772461e-06,0.99999726
0,0.9999989,1.1023532e-06
1,9.142055e-07,0.99999905
1,9.1300666e-07,0.99999905
1,3.2820376e-06,0.99999666
0,0.99999917,8.8917744e-07
1,1.7037087e-06,0.99999833
1,2.0116172e-06,0.999998
1,9.760006e-07,0.99999905
1,0.00012423508,0.9998758
1,1.518701e-06,0.99999845
1,1.5450612e-06,0.99999845
1,1.1755018e-06,0.9999988
1,9.974358e-07,0.99999905
1,1.9348088e-05,0.9999807
1,1.0440164e-06,0.9999989
1,1.1572828e-06,0.9999988
0,0.9999994,6.082071e-07
1,8.760184e-07,0.99999917
1,4.682337e-06,0.99999535
0,0.99999905,1.0062948e-06
1,8.2349584e-07,0.99999917
1,9.912984e-07,0.99999905
1,1.0006371e-06,0.99999905
1,0.0022948836,0.99770516
1,6.822088e-07,0.9999993
0,0.9999988,1.1701666e-06
1,1.0555636e-06,0.9999989
1,8.61979e-07,0.99999917
1,1.4078078e-06,0.99999857
1,1.0986327e-06,0.9999989
1,9.699969e-07,0.99999905
1,2.6526984e-06,0.9999974
1,1.3413157e-06,0.9999987
0,0.9999958,4.190195e-06
1,2.4449182e-06,0.9999975
1,7.92604e-07,0.99999917
0,0.99999905,9.0136433e-07
1,1.021509e-06,0.9999989
1,1.9362628e-06,0.9999981
1,1.0631904e-06,0.9999989
0,0.9999708,2.9193481e-05
1,9.796205e-07,0.99999905
1,1.8883292e-06,0.9999981
1,1.4613457e-06,0.99999857
1,1.1574572e-06,0.9999988
1,1.1331653e-06,0.9999988
1,7.647593e-07,0.9999993
1,5.3242243e-06,0.99999464
0,0.99999917,8.25745e-07
1,1.038313e-06,0.9999989
0,0.99999857,1.3798202e-06
0,0.99999774,2.2650067e-06
1,1.0856261e-06,0.9999989
1,8.3425414e-07,0.99999917
1,8.6226515e-07,0.99999917
1,0.000105952946,0.999894
1,1.0988799e-06,0.9999989
0,0.9999993,7.120378e-07
0,0.99998975,1.0211115e-05
1,9.687778e-06,0.99999034
1,1.0949518e-06,0.9999989
1,2.483553e-05,0.9999752
0,0.9999994,5.78695e-07
1,2.9868545e-06,0.999997
1,8.558871e-07,0.99999917
1,1.3814713e-06,0.99999857
1,1.5844762e-06,0.99999845
1,2.1735918e-06,0.99999785
1,1.6718349e-06,0.99999833
1,8.98754e-07,0.99999905
1,1.3655798e-06,0.9999987
1,1.2238166e-06,0.9999988
1,8.67621e-07,0.99999917
1,9.3492446e-07,0.99999905
1,1.0180875e-06,0.9999989
1,7.5888306e-07,0.9999993
1,1.3804112e-06,0.99999857
1,1.2180323e-06,0.9999988
1,5.441375e-06,0.9999945
1,1.0751395e-06,0.9999989
1,2.2913475e-06,0.99999774
0,0.9999993,7.4841637e-07
1,1.3271044e-06,0.9999987
1,1.2360305e-06,0.9999988
0,0.9995795,0.00042050483
0,0.9999974,2.5712845e-06
0,0.9999993,6.627889e-07
1,2.4763888e-06,0.9999975
1,0.0007688518,0.9992311
1,0.0015847175,0.99841523
0,0.9796377,0.020362275
0,0.9999957,4.3222776e-06
1,3.5486805e-06,0.9999964
1,8.6453025e-07,0.99999917
0,0.99999607,3.946466e-06
1,1.5176862e-06,0.99999845
1,1.0793617e-06,0.9999989
1,7.732989e-07,0.9999993
1,1.6295179e-06,0.99999833
0,0.99370617,0.0062938016
0,0.9999975,2.5151487e-06
1,3.9663128e-06,0.99999607
1,1.5591081e-06,0.99999845
1,1.0415552e-06,0.9999989
1,1.147818e-06,0.9999988
1,8.8429636e-07,0.99999917
1,1.0045487e-06,0.99999905
1,1.3683958e-06,0.9999987
0,0.99928004,0.0007200129
1,2.046732e-06,0.999998
0,0.9999993,6.95111e-07
1,1.1376611e-06,0.9999988
0,0.99999905,9.813298e-07
1,6.60631e-06,0.99999344
1,8.5867003e-07,0.99999917
0,0.99999905,9.4619406e-07
0,0.99999774,2.213948e-06
1,5.0281487e-06,0.999995
1,1.2041551e-06,0.9999988
1,1.1885304e-06,0.9999988
1,8.8585114e-07,0.99999917
1,3.0542114e-06,0.9999969
1,8.858199e-07,0.99999917
1,9.0908554e-07,0.99999905
1,2.416377e-06,0.9999976
1,1.3682067e-06,0.9999987
1,9.67973e-07,0.99999905
1,8.5749815e-07,0.99999917
1,1.0878128e-06,0.9999989
1,1.0209801e-06,0.9999989
1,8.403964e-07,0.99999917
1,0.2720786,0.7279214
1,8.8409314e-07,0.99999917
1,1.193642e-06,0.9999988
1,7.7496145e-07,0.99999917
0,0.9999994,6.1090674e-07
1,1.9435854e-06,0.9999981
0,0.99999905,9.2219415e-07
1,1.8520532e-05,0.9999815
0,0.9999994,5.751912e-07
1,1.8552986e-06,0.9999981
1,1.1778347e-06,0.9999988
1,1.0315443e-06,0.9999989
1,9.434585e-07,0.99999905
0,0.9999838,1.6154087e-05
1,7.721619e-06,0.99999225
1,1.5720842e-06,0.99999845
1,3.0779074e-06,0.9999969
1,0.0006350402,0.99936503
1,1.0633293e-06,0.9999989
0,0.99529535,0.004704595
1,1.1074795e-06,0.9999989
1,1.2023339e-06,0.9999988
0,0.9999987,1.33554e-06
1,9.43787e-07,0.99999905
0,0.9999987,1.3439444e-06
1,1.1412993e-06,0.9999988
1,7.674516e-07,0.9999993
1,8.161995e-07,0.99999917
0,0.9999993,6.627573e-07
1,1.8318678e-06,0.9999982
1,1.0915321e-06,0.9999989
1,9.953226e-07,0.99999905
0,0.75124776,0.24875231
1,0.010250923,0.989749
1,7.8845153e-07,0.99999917
1,1.0630237e-05,0.9999894
0,0.9999993,7.166266e-07
1,1.148854e-06,0.9999988
1,1.0827207e-06,0.9999989
1,8.1933075e-07,0.99999917
0,0.9999994,5.548424e-07
0,0.9999994,6.485095e-07
1,1.519224e-06,0.99999845
1,1.1081113e-06,0.9999989
1,3.846292e-06,0.9999962
0,0.9999993,6.693532e-07
0,0.9999994,5.8893147e-07
1,1.4930157e-06,0.99999845
1,7.8739504e-07,0.99999917
1,1.5484983e-06,0.99999845
0,0.99999917,8.7812117e-07
1,1.5759256e-06,0.99999845
1,2.394145e-06,0.9999976
0,0.9999993,6.828538e-07
1,1.0382636e-06,0.9999989
1,1.0597738e-06,0.9999989
1,5.4912434e-06,0.9999945
0,0.99999917,8.6173156e-07
1,5.5159875e-05,0.9999448
1,1.6956558e-06,0.99999833
1,9.874864e-07,0.99999905
1,2.0734274e-06,0.999998
1,4.7311105e-06,0.99999523
1,1.9322783e-06,0.9999981
0,0.9999988,1.2430843e-06
1,9.1354923e-07,0.99999905
0,0.9999993,6.8676707e-07
1,5.4455904e-06,0.9999945
0,0.9999994,5.529577e-07
1,2.5017116e-06,0.9999975
1,9.807685e-07,0.99999905
1,1.7985175e-06,0.9999982
1,4.536045e-06,0.99999547
1,7.6737837e-07,0.9999993
0,0.9999931,6.9233774e-06
1,1.1249218e-06,0.9999989
1,9.1127816e-07,0.99999905
0,0.9999982,1.844085e-06
1,1.2196269e-06,0.9999988
1,1.0311106e-06,0.9999989
1,1.0085554e-06,0.99999905
1,1.1301198e-06,0.9999989
0,0.9999132,8.676119e-05
1,1.7014938e-06,0.99999833
1,4.1932176e-06,0.9999958
0,0.99999917,8.879843e-07
1,9.216578e-07,0.99999905
0,0.9999666,3.3326574e-05
0,0.99999857,1.3735878e-06
1,9.767231e-07,0.99999905
1,1.0372274e-06,0.9999989
1,1.0603562e-06,0.9999989
0,0.99999905,9.676362e-07
0,0.99999917,8.6282034e-07
1,1.4313528e-06,0.99999857
0,0.99999857,1.411638e-06
1,1.282517e-06,0.9999987
1,1.0017179e-06,0.99999905
0,0.99999714,2.8446186e-06
0,0.99999154,8.455604e-06
0,0.99999917,8.637095e-07
1,5.0571516e-06,0.999995
1,1.0066865e-06,0.99999905
1,1.1284935e-06,0.9999989
1,9.521172e-06,0.99999046
0,0.9999982,1.7548955e-06
1,1.3779857e-06,0.99999857
1,9.1139987e-07,0.99999905
1,1.8319902e-06,0.9999982
1,1.5749536e-06,0.99999845
1,1.157434e-06,0.9999988
1,2.7443398e-06,0.99999726
1,1.0532871e-06,0.9999989
1,8.3588986e-07,0.99999917
0,0.9999994,5.5250484e-07
1,2.971756e-06,0.999997
1,1.0607142e-06,0.9999989
1,1.0836276e-06,0.9999989
1,1.4863557e-06,0.99999857
1,9.246917e-07,0.99999905
0,0.99999905,9.4214306e-07
0,0.99419594,0.005804023
0,0.99999917,8.48451e-07
1,1.3854174e-06,0.99999857
0,0.999998,2.0177272e-06
1,1.0494008e-06,0.9999989
0,0.99999833,1.6377141e-06
1,1.021964e-06,0.9999989
0,0.999969,3.094924e-05
1,2.5572454e-06,0.9999975
1,8.767045e-07,0.99999917
1,9.4692706e-07,0.99999905
0,0.99998474,1.5220986e-05
1,9.184325e-07,0.99999905
1,2.1552419e-06,0.99999785
1,1.1781999e-06,0.9999988
1,3.077849e-06,0.9999969
1,9.1742396e-07,0.99999905
1,9.591533e-07,0.99999905
1,9.524991e-07,0.99999905
1,1.136878e-06,0.9999988
0,0.9999993,6.8502453e-07
1,1.0448631e-06,0.9999989
1,8.8209464e-07,0.99999917
1,1.01273245e-05,0.99998987
1,1.7466941e-06,0.9999982
1,1.1726835e-06,0.9999988
1,2.664638e-06,0.9999974
1,1.9852218e-06,0.999998
1,9.681337e-07,0.99999905
1,1.0083882e-06,0.99999905
1,1.2427749e-06,0.9999988
1,2.2522295e-06,0.99999774
1,8.8873156e-07,0.99999917
1,1.6358551e-06,0.99999833
1,8.170702e-07,0.99999917
1,1.1439386e-06,0.9999988
0,0.99999857,1.4538505e-06
1,9.364888e-07,0.99999905
1,1.9468487e-06,0.9999981
0,0.9999994,6.0592834e-07
0,0.9999993,6.8167157e-07
0,0.9999988,1.2185828e-06
0,0.9999993,7.0361074e-07
1,5.503952e-06,0.9999945
1,1.0062199e-06,0.99999905
1,1.9938282e-06,0.999998
1,1.0370424e-06,0.9999989
1,3.859406e-05,0.9999614
1,7.9921904e-07,0.99999917
1,7.747147e-07,0.9999993
1,1.421733e-06,0.99999857
0,0.99999905,1.0035911e-06
1,0.42125592,0.57874405
1,5.8743663e-06,0.99999416
1,1.2759997e-06,0.9999987
1,7.1086247e-06,0.99999285
1,1.1631071e-06,0.9999988
1,1.8630165e-06,0.9999981
1,1.70903e-06,0.99999833
1,1.3080643e-06,0.9999987
1,1.3973997e-06,0.99999857
1,9.275639e-07,0.99999905
1,8.9099916e-07,0.99999917
0,0.99999857,1.4211366e-06
0,0.9999994,5.784489e-07
1,1.387422e-06,0.99999857
1,1.2402861e-06,0.9999988
0,0.99999845,1.5672058e-06
0,0.9999993,6.899727e-07
1,4.327297e-06,0.9999957
1,9.245973e-07,0.99999905
0,0.9949175,0.005082542
1,2.3998004e-05,0.99997604
1,2.0523637e-05,0.9999795
1,1.0902421e-06,0.9999989
1,8.620686e-07,0.99999917
1,1.2081615e-06,0.9999988
1,9.745216e-07,0.99999905
1,1.0207367e-06,0.9999989
0,0.9999969,3.08758e-06
0,0.9999993,7.2608975e-07
1,1.0255765e-06,0.9999989
1,3.3005285e-06,0.99999666
0,0.99999857,1.4165685e-06
0,0.99996126,3.8788217e-05
0,0.99999917,8.6959835e-07
0,0.9999993,6.59475e-07
1,9.85321e-07,0.99999905
1,8.16602e-07,0.99999917
1,1.1879389e-06,0.9999988
1,9.584364e-07,0.99999905
1,2.426797e-06,0.9999976
0,0.99999726,2.7051751e-06
1,1.388604e-06,0.99999857
1,1.072886e-06,0.9999989
0,0.99999845,1.5157941e-06
1,2.6504806e-06,0.9999974
1,1.1033628e-06,0.9999989
0,0.9999989,1.0376637e-06
1,1.3758847e-06,0.99999857
1,9.331447e-07,0.99999905
1,1.552929e-06,0.99999845
1,1.1631038e-06,0.9999988
0,0.99999917,7.807394e-07
1,8.4844453e-07,0.99999917
1,6.085481e-06,0.9999939
0,0.99999917,8.114218e-07
1,1.1071247e-06,0.9999989
1,1.2000222e-06,0.9999988
0,0.999998,2.0443424e-06
1,1.2995768e-06,0.9999987
1,8.098594e-07,0.99999917
0,0.9999993,7.129401e-07
1,8.827881e-07,0.99999917
1,9.5016736e-07,0.99999905
1,1.688082e-06,0.99999833
1,3.5144762e-06,0.99999654
0,0.99999654,3.4618706e-06
0,0.9998252,0.00017487067
0,0.9999989,1.0612869e-06
1,3.3113897e-06,0.99999666
0,0.99999917,8.1027883e-07
0,0.9999975,2.4456901e-06
0,0.99999905,9.609167e-07
1,7.253637e-07,0.9999993
1,1.0545816e-06,0.9999989
0,0.9999924,7.683512e-06
1,2.2999911e-06,0.99999774
0,0.9999993,6.6914765e-07
1,1.0291801e-06,0.9999989
1,2.1837604e-06,0.99999785
1,2.5276695e-06,0.9999975
1,7.8253294e-07,0.99999917
0,0.9999993,7.3944034e-07
1,0.001146059,0.9988539
1,1.2775156e-06,0.9999987
1,1.3104253e-06,0.9999987
0,0.9999994,5.849762e-07
1,1.1525731e-06,0.9999988
1,0.00022676881,0.9997732
1,0.0047997045,0.9952003
1,1.0323159e-06,0.9999989
1,1.1136009e-06,0.9999989
1,9.904631e-07,0.99999905
0,0.99999905,9.0246874e-07
0,0.99999917,7.876113e-07
0,0.9999993,6.558548e-07
1,7.9728085e-07,0.99999917
1,2.1905682e-05,0.99997807
1,2.3078746e-06,0.99999774
0,0.6964722,0.30352783
1,8.8982387e-07,0.99999917
0,0.9999895,1.0432449e-05
1,2.8709103e-06,0.99999714
1,9.2633604e-07,0.99999905
1,1.4084429e-06,0.99999857
1,9.1869174e-07,0.99999905
0,0.99999607,3.9797296e-06
1,4.0885177e-05,0.9999591
1,1.0528904e-06,0.9999989
0,0.99999905,9.0673734e-07
0,0.9999994,5.9501895e-07
0,0.99999845,1.5396307e-06
0,0.99999833,1.6884073e-06
1,1.2041436e-06,0.9999988
1,1.8114862e-06,0.9999982
1,1.2723216e-06,0.9999987
1,1.2713531e-05,0.99998724
0,0.9999993,7.263786e-07
1,1.2305203e-06,0.9999988
1,1.7654188e-06,0.9999982
1,1.0249311e-06,0.9999989
1,0.00043741698,0.99956256
0,0.9994048,0.0005952088
0,0.9999988,1.146866e-06
0,0.9999993,7.5193844e-07
1,1.5005069e-06,0.99999845
0,0.9999994,5.651914e-07
1,9.709205e-07,0.99999905
0,0.9959741,0.0040258723
1,1.0041723e-06,0.99999905
0,0.9999993,7.0623923e-07
1,1.2386324e-06,0.9999988
0,0.9999373,6.27565e-05
1,2.2719296e-06,0.99999774
0,0.99977535,0.00022463559
1,3.3054519e-06,0.99999666
1,1.2044801e-06,0.9999988
0,0.9999994,6.3086304e-07
1,1.3734594e-06,0.99999857
1,1.8709273e-06,0.9999981
1,1.504037e-06,0.99999845
0,0.9999993,7.425929e-07
1,1.1106919e-06,0.9999989
1,1.3908676e-06,0.99999857
1,8.449611e-07,0.99999917
0,0.9999963,3.6933247e-06
0,0.99998665,1.3384227e-05
0,0.9999989,1.0169299e-06
1,9.116467e-07,0.99999905
1,9.886945e-07,0.99999905
1,1.9849415e-06,0.999998
0,0.9999988,1.212379e-06
0,0.99999917,8.802055e-07
0,0.9856506,0.0143494345
1,1.6093619e-06,0.99999833
1,9.355291e-07,0.99999905
1,1.2532951e-06,0.9999987
1,3.4569414e-06,0.99999654
1,8.667981e-07,0.99999917
1,1.5245928e-06,0.99999845
1,1.4652447e-06,0.99999857
1,1.4862239e-06,0.99999857
1,1.0462211e-06,0.9999989
1,8.7967015e-07,0.99999917
1,1.3044889e-06,0.9999987
1,1.2019672e-06,0.9999988
1,7.269135e-07,0.9999993
0,0.9999994,5.8043827e-07
0,0.9997651,0.00023485842
1,7.3821855e-07,0.9999993
0,0.99999917,8.589714e-07
1,8.821947e-07,0.99999917
1,8.530952e-07,0.99999917
1,9.334741e-07,0.99999905
1,1.1055822e-06,0.9999989
1,1.3603767e-06,0.9999987
0,0.9999994,6.37767e-07
1,3.259405e-06,0.9999968
0,0.99999785,2.1820242e-06
1,1.0232552e-06,0.9999989
1,9.715652e-07,0.99999905
1,9.994889e-07,0.99999905
0,0.9999517,4.828501e-05
1,1.8362335e-06,0.9999982
1,1.6974356e-06,0.99999833
1,8.988433e-06,0.99999106
1,8.911725e-07,0.99999917
1,8.022025e-07,0.99999917
1,9.772607e-07,0.99999905
0,0.99999917,7.950023e-07
1,1.1483961e-06,0.9999988
0,0.99999714,2.818993e-06
1,2.4132012e-06,0.9999976
1,1.1541097e-06,0.9999988
1,2.1749563e-06,0.99999785
0,0.9999993,6.5889793e-07
1,8.9139854e-07,0.99999917
1,1.3789086e-06,0.99999857
1,3.944615e-06,0.99999607
1,8.5348415e-07,0.99999917
1,1.7494314e-06,0.9999982
1,9.752059e-07,0.99999905
1,1.3098431e-06,0.9999987
1,9.242438e-07,0.99999905
0,0.99999833,1.6102308e-06
1,1.3106691e-06,0.9999987
1,1.5556652e-06,0.99999845
1,8.5646593e-07,0.99999917
0,0.9999988,1.2253817e-06
1,1.0107008e-06,0.99999905
1,0.25382254,0.7461775
1,1.990006e-06,0.999998
1,9.736104e-07,0.99999905
0,0.99995625,4.36981e-05
0,0.9999993,7.5288847e-07
1,2.4424737e-06,0.9999976
0,0.9999987,1.34574e-06
0,0.9706627,0.029337231
1,1.3924616e-06,0.99999857
1,1.5515967e-06,0.99999845
0,0.9999994,6.193872e-07
1,1.5535155e-06,0.99999845
1,1.0292636e-06,0.9999989
1,8.2394126e-07,0.99999917
1,1.2343613e-06,0.9999988
1,1.2021012e-06,0.9999988
1,1.1257825e-06,0.9999989
1,1.4886226e-06,0.99999857
1,9.863072e-07,0.99999905
0,0.9305425,0.06945753
1,9.200279e-07,0.99999905
0,0.9999994,5.957645e-07
1,1.1228286e-06,0.9999989
1,1.3947821e-06,0.99999857
1,3.3562437e-06,0.99999666
1,1.1538016e-06,0.9999988
1,9.786205e-07,0.99999905
1,2.285455e-06,0.99999774
1,3.0747096e-06,0.9999969
0,0.99939,0.00060994056
1,1.0339899e-06,0.9999989
1,9.609405e-07,0.99999905
1,1.5703747e-06,0.99999845
1,1.1332031e-06,0.9999988
0,0.99999905,9.647687e-07
1,0.3350983,0.6649017
1,9.560273e-07,0.99999905
1,2.4824894e-06,0.9999975
0,0.9999994,6.2264746e-07
1,8.832184e-07,0.99999917
1,1.5514872e-06,0.99999845
0,0.9999988,1.2281381e-06
1,9.256004e-07,0.99999905
1,9.815601e-07,0.99999905
0,0.99996567,3.4371587e-05
1,1.1638339e-06,0.9999988
1,9.42971e-07,0.99999905
1,2.028938e-06,0.999998
1,0.0019889288,0.99801105
0,0.9999993,7.5568664e-07
1,3.35885e-06,0.99999666
1,7.853971e-07,0.99999917
1,1.0660129e-06,0.9999989
1,9.4057293e-07,0.99999905
1,1.0355452e-06,0.9999989
1,1.012496e-06,0.99999905
1,1.1980189e-06,0.9999988
0,0.99999917,8.582729e-07
0,0.9999958,4.148734e-06
1,7.348621e-06,0.9999926
1,1.1043893e-06,0.9999989
1,1.8179518e-06,0.9999982
1,1.273224e-05,0.99998724
1,1.6878647e-06,0.99999833
1,1.4745469e-06,0.99999857
0,0.9999993,7.3463326e-07
0,0.99999917,8.0119935e-07
1,8.930279e-06,0.99999106
1,1.0974483e-06,0.9999989
1,2.0245525e-06,0.999998
1,1.6736041e-06,0.99999833
0,0.9999993,7.1952053e-07
1,2.768709e-06,0.99999726
1,1.1663384e-06,0.9999988
1,1.2437673e-06,0.9999988
0,0.997384,0.002615996
1,1.2673624e-06,0.9999987
1,8.2085035e-07,0.99999917
0,0.99999917,8.707626e-07
1,5.0386225e-06,0.999995
1,1.2171845e-06,0.9999988
1,1.5455742e-06,0.99999845
1,8.1457506e-07,0.99999917
1,1.482525e-06,0.99999857
1,8.113722e-07,0.99999917
1,9.2264804e-07,0.99999905
1,1.1628421e-06,0.9999988
1,1.1221863e-06,0.9999989
1,1.2681627e-06,0.9999987
1,0.00014945428,0.9998505
0,0.9999994,5.417559e-07
0,0.9999993,7.387672e-07
1,1.0018574e-06,0.99999905
1,0.48480546,0.5151945
1,1.3506374e-06,0.9999987
1,1.262879e-06,0.9999987
1,1.137135e-06,0.9999988
1,1.4124096e-06,0.99999857
0,0.9910363,0.00896374
1,9.211359e-07,0.99999905
0,0.99999905,9.3796444e-07
0,0.9999994,5.769426e-07
1,9.470842e-07,0.99999905
1,7.0487195e-06,0.99999297
1,5.5267424e-06,0.9999945
0,0.97701,0.022990016
1,1.902147e-06,0.9999981
0,0.99990153,9.843938e-05
1,1.9186114e-06,0.9999981
1,1.8090761e-06,0.9999982
1,9.679103e-07,0.99999905
1,9.873867e-07,0.99999905
1,2.1760682e-06,0.99999785
1,1.8063063e-05,0.9999819
1,1.0620914e-05,0.9999894
0,0.99999726,2.7662861e-06
1,1.0159391e-06,0.9999989
0,0.9999994,6.4865736e-07
1,4.693474e-06,0.99999535
1,1.0074797e-06,0.99999905
0,0.9999993,7.1672565e-07
1,8.8709305e-07,0.99999917
1,1.2519262e-06,0.9999987
0,0.99999833,1.6541723e-06
1,3.4785369e-06,0.99999654
1,1.6157362e-06,0.99999833
1,8.9556863e-07,0.99999905
0,0.9999994,6.5429555e-07
1,1.134294e-06,0.9999988
1,1.5605465e-06,0.99999845
1,2.1276655e-06,0.99999785
0,0.99999547,4.4993844e-06
1,9.640651e-07,0.99999905
1,1.6560269e-06,0.99999833
1,9.580563e-07,0.99999905
1,1.0691049e-06,0.9999989
0,0.9999993,6.598852e-07
0,0.99999905,9.084165e-07
1,1.0415602e-06,0.9999989
0,0.9999989,1.0412701e-06
0,0.52493834,0.47506163
1,8.3612423e-07,0.99999917
1,1.2099257e-06,0.9999988
1,9.545505e-07,0.99999905
0,0.9999982,1.823277e-06
1,9.1523924e-07,0.99999905
0,0.99999547,4.5710935e-06
1,1.0516369e-06,0.9999989
1,2.5197658e-06,0.9999975
1,4.88641e-06,0.9999951
1,1.0779977e-06,0.9999989
1,7.5467506e-06,0.9999925
1,2.2365105e-06,0.99999774
1,7.5370883e-07,0.9999993
0,0.99999905,9.877672e-07
1,1.0584305e-06,0.9999989
0,0.9999968,3.2744285e-06
1,1.8348017e-06,0.9999982
1,7.7143983e-07,0.9999993
0,0.9999993,6.863121e-07
1,1.700213e-05,0.99998295
1,1.151201e-06,0.9999988
1,2.3579175e-06,0.9999976
0,0.99999905,9.812381e-07
1,8.5069206e-07,0.99999917
1,9.326518e-07,0.99999905
1,0.0006792198,0.99932075
1,8.296745e-07,0.99999917
0,0.9999993,7.079203e-07
1,2.8691722e-06,0.99999714
0,0.9999994,5.6125e-07
0,0.9999993,7.010147e-07
1,1.391174e-06,0.99999857
1,1.3613954e-06,0.9999987
0,0.99999917,8.866735e-07
0,0.9999988,1.202912e-06
1,1.4082333e-06,0.99999857
1,2.4937415e-06,0.9999975
1,8.9257253e-07,0.99999917
1,1.0194701e-06,0.9999989
1,2.9555665e-06,0.999997
1,1.418798e-06,0.99999857
1,1.431088e-05,0.9999857
1,1.8453078e-06,0.9999982
1,4.1162016e-06,0.9999958
1,2.355598e-06,0.9999976
1,1.8395568e-06,0.9999982
1,9.927687e-07,0.99999905
1,1.4394334e-06,0.99999857
0,0.9999902,9.730638e-06
1,1.4741546e-06,0.99999857
1,9.064615e-07,0.99999905
1,1.1422445e-06,0.9999988
1,8.6140045e-07,0.99999917
0,0.9999993,6.990959e-07
1,8.4560435e-07,0.99999917
